x-axis,1,3
second,Volt,Volt
-400.00E-06,+1.36691741E+00,+1.36774735E+00
-399.00E-06,+1.36688601E+00,+1.36761387E+00
-398.00E-06,+1.36682319E+00,+1.36744898E+00
-397.00E-06,+1.36688601E+00,+1.36750395E+00
-396.00E-06,+1.36690171E+00,+1.36760602E+00
-395.00E-06,+1.36688601E+00,+1.36773165E+00
-394.00E-06,+1.36688601E+00,+1.36772380E+00
-393.00E-06,+1.36679179E+00,+1.36773950E+00
-392.00E-06,+1.36691741E+00,+1.36777876E+00
-391.00E-06,+1.36676038E+00,+1.36793579E+00
-390.00E-06,+1.36690171E+00,+1.36782587E+00
-389.00E-06,+1.36696452E+00,+1.36782587E+00
-388.00E-06,+1.36682319E+00,+1.36783372E+00
-387.00E-06,+1.36694882E+00,+1.36790439E+00
-386.00E-06,+1.36693312E+00,+1.36792009E+00
-385.00E-06,+1.36690171E+00,+1.36790439E+00
-384.00E-06,+1.36701163E+00,+1.36755891E+00
-383.00E-06,+1.36685460E+00,+1.36735476E+00
-382.00E-06,+1.36688601E+00,+1.36729980E+00
-381.00E-06,+1.36685460E+00,+1.36740973E+00
-380.00E-06,+1.36687030E+00,+1.36743328E+00
-379.00E-06,+1.36691741E+00,+1.36745684E+00
-378.00E-06,+1.36693312E+00,+1.36733121E+00
-377.00E-06,+1.36690171E+00,+1.36737047E+00
-376.00E-06,+1.36687030E+00,+1.36718988E+00
-375.00E-06,+1.36698023E+00,+1.36704854E+00
-374.00E-06,+1.36691741E+00,+1.36711921E+00
-373.00E-06,+1.36699593E+00,+1.36713491E+00
-372.00E-06,+1.36690171E+00,+1.36712706E+00
-371.00E-06,+1.36690171E+00,+1.36732336E+00
-370.00E-06,+1.36694882E+00,+1.36740973E+00
-369.00E-06,+1.36694882E+00,+1.36738617E+00
-368.00E-06,+1.36688601E+00,+1.36756676E+00
-367.00E-06,+1.36694882E+00,+1.36766883E+00
-366.00E-06,+1.36693312E+00,+1.36762957E+00
-365.00E-06,+1.36699593E+00,+1.36764528E+00
-364.00E-06,+1.36690171E+00,+1.36770024E+00
-363.00E-06,+1.36688601E+00,+1.36777091E+00
-362.00E-06,+1.36682319E+00,+1.36779446E+00
-361.00E-06,+1.36685460E+00,+1.36781016E+00
-360.00E-06,+1.36690171E+00,+1.36780231E+00
-359.00E-06,+1.36683890E+00,+1.36783372E+00
-358.00E-06,+1.36677608E+00,+1.36783372E+00
-357.00E-06,+1.36691741E+00,+1.36786513E+00
-356.00E-06,+1.36691741E+00,+1.36788083E+00
-355.00E-06,+1.36702734E+00,+1.36788083E+00
-354.00E-06,+1.36690171E+00,+1.36786513E+00
-353.00E-06,+1.36680749E+00,+1.36784157E+00
-352.00E-06,+1.36693312E+00,+1.36796720E+00
-351.00E-06,+1.36688601E+00,+1.36777091E+00
-350.00E-06,+1.36683890E+00,+1.36748824E+00
-349.00E-06,+1.36690171E+00,+1.36738617E+00
-348.00E-06,+1.36691741E+00,+1.36737047E+00
-347.00E-06,+1.36687030E+00,+1.36755106E+00
-346.00E-06,+1.36688601E+00,+1.36755106E+00
-345.00E-06,+1.36694882E+00,+1.36762957E+00
-344.00E-06,+1.36688601E+00,+1.36783372E+00
-343.00E-06,+1.36696452E+00,+1.36764528E+00
-342.00E-06,+1.36687030E+00,+1.36748824E+00
-341.00E-06,+1.36683890E+00,+1.36747254E+00
-340.00E-06,+1.36698023E+00,+1.36746469E+00
-339.00E-06,+1.36688601E+00,+1.36753535E+00
-338.00E-06,+1.36688601E+00,+1.36751180E+00
-337.00E-06,+1.36694882E+00,+1.36755891E+00
-336.00E-06,+1.36691741E+00,+1.36755891E+00
-335.00E-06,+1.36690171E+00,+1.36773950E+00
-334.00E-06,+1.36688601E+00,+1.36759817E+00
-333.00E-06,+1.36691741E+00,+1.36766098E+00
-332.00E-06,+1.36690171E+00,+1.36767668E+00
-331.00E-06,+1.36688601E+00,+1.36781802E+00
-330.00E-06,+1.36693312E+00,+1.36777091E+00
-329.00E-06,+1.36688601E+00,+1.36766098E+00
-328.00E-06,+1.36687030E+00,+1.36786513E+00
-327.00E-06,+1.36693312E+00,+1.36782587E+00
-326.00E-06,+1.36688601E+00,+1.36773165E+00
-325.00E-06,+1.36696452E+00,+1.36764528E+00
-324.00E-06,+1.36694882E+00,+1.36765313E+00
-323.00E-06,+1.36690171E+00,+1.36774735E+00
-322.00E-06,+1.36694882E+00,+1.36773950E+00
-321.00E-06,+1.36693312E+00,+1.36783372E+00
-320.00E-06,+1.36696452E+00,+1.36789653E+00
-319.00E-06,+1.36691741E+00,+1.36769239E+00
-318.00E-06,+1.36688601E+00,+1.36741758E+00
-317.00E-06,+1.36698023E+00,+1.36735476E+00
-316.00E-06,+1.36694882E+00,+1.36733906E+00
-315.00E-06,+1.36688601E+00,+1.36715847E+00
-314.00E-06,+1.36683890E+00,+1.36715062E+00
-313.00E-06,+1.36685460E+00,+1.36699358E+00
-312.00E-06,+1.36677608E+00,+1.36687581E+00
-311.00E-06,+1.36683890E+00,+1.36681299E+00
-310.00E-06,+1.36688601E+00,+1.36700929E+00
-309.00E-06,+1.36690171E+00,+1.36707995E+00
-308.00E-06,+1.36693312E+00,+1.36722913E+00
-307.00E-06,+1.36690171E+00,+1.36728410E+00
-306.00E-06,+1.36694882E+00,+1.36738617E+00
-305.00E-06,+1.36694882E+00,+1.36741758E+00
-304.00E-06,+1.36691741E+00,+1.36748824E+00
-303.00E-06,+1.36696452E+00,+1.36738617E+00
-302.00E-06,+1.36696452E+00,+1.36718988E+00
-301.00E-06,+1.36691741E+00,+1.36715847E+00
-300.00E-06,+1.36694882E+00,+1.36729195E+00
-299.00E-06,+1.36688601E+00,+1.36725269E+00
-298.00E-06,+1.36693312E+00,+1.36738617E+00
-297.00E-06,+1.36696452E+00,+1.36737047E+00
-296.00E-06,+1.36688601E+00,+1.36732336E+00
-295.00E-06,+1.36693312E+00,+1.36741758E+00
-294.00E-06,+1.36698023E+00,+1.36737047E+00
-293.00E-06,+1.36685460E+00,+1.36753535E+00
-292.00E-06,+1.36690171E+00,+1.36761387E+00
-291.00E-06,+1.36694882E+00,+1.36756676E+00
-290.00E-06,+1.36690171E+00,+1.36762172E+00
-289.00E-06,+1.36685460E+00,+1.36759817E+00
-288.00E-06,+1.36688601E+00,+1.36771594E+00
-287.00E-06,+1.36690171E+00,+1.36774735E+00
-286.00E-06,+1.36693312E+00,+1.36750395E+00
-285.00E-06,+1.36690171E+00,+1.36755891E+00
-284.00E-06,+1.36683890E+00,+1.36756676E+00
-283.00E-06,+1.36693312E+00,+1.36760602E+00
-282.00E-06,+1.36683890E+00,+1.36764528E+00
-281.00E-06,+1.36683890E+00,+1.36776305E+00
-280.00E-06,+1.36693312E+00,+1.36779446E+00
-279.00E-06,+1.36691741E+00,+1.36784942E+00
-278.00E-06,+1.36687030E+00,+1.36783372E+00
-277.00E-06,+1.36688601E+00,+1.36785728E+00
-276.00E-06,+1.36690171E+00,+1.36792009E+00
-275.00E-06,+1.36690171E+00,+1.36798290E+00
-274.00E-06,+1.36693312E+00,+1.36792009E+00
-273.00E-06,+1.36683890E+00,+1.36763743E+00
-272.00E-06,+1.36691741E+00,+1.36727625E+00
-271.00E-06,+1.36682319E+00,+1.36724484E+00
-270.00E-06,+1.36679179E+00,+1.36729195E+00
-269.00E-06,+1.36683890E+00,+1.36733906E+00
-268.00E-06,+1.36679179E+00,+1.36748824E+00
-267.00E-06,+1.36699593E+00,+1.36755891E+00
-266.00E-06,+1.36691741E+00,+1.36749609E+00
-265.00E-06,+1.36698023E+00,+1.36755891E+00
-264.00E-06,+1.36693312E+00,+1.36766883E+00
-263.00E-06,+1.36687030E+00,+1.36770809E+00
-262.00E-06,+1.36680749E+00,+1.36766883E+00
-261.00E-06,+1.36688601E+00,+1.36773950E+00
-260.00E-06,+1.36687030E+00,+1.36776305E+00
-259.00E-06,+1.36685460E+00,+1.36773165E+00
-258.00E-06,+1.36693312E+00,+1.36766883E+00
-257.00E-06,+1.36688601E+00,+1.36770024E+00
-256.00E-06,+1.36698023E+00,+1.36779446E+00
-255.00E-06,+1.36698023E+00,+1.36775520E+00
-254.00E-06,+1.36683890E+00,+1.36772380E+00
-253.00E-06,+1.36688601E+00,+1.36766098E+00
-252.00E-06,+1.36683890E+00,+1.36762957E+00
-251.00E-06,+1.36693312E+00,+1.36759817E+00
-250.00E-06,+1.36682319E+00,+1.36751180E+00
-249.00E-06,+1.36694882E+00,+1.36763743E+00
-248.00E-06,+1.36688601E+00,+1.36773165E+00
-247.00E-06,+1.36696452E+00,+1.36782587E+00
-246.00E-06,+1.36687030E+00,+1.36778661E+00
-245.00E-06,+1.36679179E+00,+1.36779446E+00
-244.00E-06,+1.36683890E+00,+1.36768454E+00
-243.00E-06,+1.36685460E+00,+1.36749609E+00
-242.00E-06,+1.36676038E+00,+1.36704069E+00
-241.00E-06,+1.36685460E+00,+1.36680514E+00
-240.00E-06,+1.36685460E+00,+1.36699358E+00
-239.00E-06,+1.36687030E+00,+1.36714277E+00
-238.00E-06,+1.36683890E+00,+1.36721343E+00
-237.00E-06,+1.36690171E+00,+1.36729980E+00
-236.00E-06,+1.36687030E+00,+1.36735476E+00
-235.00E-06,+1.36688601E+00,+1.36749609E+00
-234.00E-06,+1.36685460E+00,+1.36748824E+00
-233.00E-06,+1.36677608E+00,+1.36748824E+00
-232.00E-06,+1.36677608E+00,+1.36758246E+00
-231.00E-06,+1.36690171E+00,+1.36741758E+00
-230.00E-06,+1.36693312E+00,+1.36733906E+00
-229.00E-06,+1.36693312E+00,+1.36733906E+00
-228.00E-06,+1.36690171E+00,+1.36744113E+00
-227.00E-06,+1.36690171E+00,+1.36745684E+00
-226.00E-06,+1.36687030E+00,+1.36740187E+00
-225.00E-06,+1.36694882E+00,+1.36754320E+00
-224.00E-06,+1.36687030E+00,+1.36755891E+00
-223.00E-06,+1.36688601E+00,+1.36756676E+00
-222.00E-06,+1.36676038E+00,+1.36761387E+00
-221.00E-06,+1.36690171E+00,+1.36768454E+00
-220.00E-06,+1.36694882E+00,+1.36776305E+00
-219.00E-06,+1.36694882E+00,+1.36770024E+00
-218.00E-06,+1.36685460E+00,+1.36773165E+00
-217.00E-06,+1.36693312E+00,+1.36769239E+00
-216.00E-06,+1.36690171E+00,+1.36774735E+00
-215.00E-06,+1.36691741E+00,+1.36774735E+00
-214.00E-06,+1.36688601E+00,+1.36770809E+00
-213.00E-06,+1.36677608E+00,+1.36772380E+00
-212.00E-06,+1.36683890E+00,+1.36774735E+00
-211.00E-06,+1.36691741E+00,+1.36775520E+00
-210.00E-06,+1.36683890E+00,+1.36776305E+00
-209.00E-06,+1.36687030E+00,+1.36776305E+00
-208.00E-06,+1.36690171E+00,+1.36778661E+00
-207.00E-06,+1.36690171E+00,+1.36777876E+00
-206.00E-06,+1.36693312E+00,+1.36786513E+00
-205.00E-06,+1.36685460E+00,+1.36786513E+00
-204.00E-06,+1.36687030E+00,+1.36791224E+00
-203.00E-06,+1.36683890E+00,+1.36788868E+00
-202.00E-06,+1.36691741E+00,+1.36797505E+00
-201.00E-06,+1.36688601E+00,+1.36795150E+00
-200.00E-06,+1.36694882E+00,+1.36795935E+00
-199.00E-06,+1.36696452E+00,+1.36766883E+00
-198.00E-06,+1.36690171E+00,+1.36762172E+00
-197.00E-06,+1.36687030E+00,+1.36750395E+00
-196.00E-06,+1.36688601E+00,+1.36742543E+00
-195.00E-06,+1.36693312E+00,+1.36736261E+00
-194.00E-06,+1.36698023E+00,+1.36736261E+00
-193.00E-06,+1.36683890E+00,+1.36733906E+00
-192.00E-06,+1.36683890E+00,+1.36748039E+00
-191.00E-06,+1.36688601E+00,+1.36748824E+00
-190.00E-06,+1.36694882E+00,+1.36747254E+00
-189.00E-06,+1.36693312E+00,+1.36731550E+00
-188.00E-06,+1.36688601E+00,+1.36719773E+00
-187.00E-06,+1.36693312E+00,+1.36729980E+00
-186.00E-06,+1.36683890E+00,+1.36720558E+00
-185.00E-06,+1.36685460E+00,+1.36735476E+00
-184.00E-06,+1.36685460E+00,+1.36739402E+00
-183.00E-06,+1.36685460E+00,+1.36747254E+00
-182.00E-06,+1.36680749E+00,+1.36751965E+00
-181.00E-06,+1.36690171E+00,+1.36758246E+00
-180.00E-06,+1.36691741E+00,+1.36755106E+00
-179.00E-06,+1.36690171E+00,+1.36717417E+00
-178.00E-06,+1.36685460E+00,+1.36719773E+00
-177.00E-06,+1.36687030E+00,+1.36722913E+00
-176.00E-06,+1.36691741E+00,+1.36721343E+00
-175.00E-06,+1.36690171E+00,+1.36715847E+00
-174.00E-06,+1.36690171E+00,+1.36706425E+00
-173.00E-06,+1.36677608E+00,+1.36721343E+00
-172.00E-06,+1.36683890E+00,+1.36730765E+00
-171.00E-06,+1.36690171E+00,+1.36703284E+00
-170.00E-06,+1.36682319E+00,+1.36682869E+00
-169.00E-06,+1.36690171E+00,+1.36689151E+00
-168.00E-06,+1.36691741E+00,+1.36700143E+00
-167.00E-06,+1.36679179E+00,+1.36707995E+00
-166.00E-06,+1.36688601E+00,+1.36703284E+00
-165.00E-06,+1.36688601E+00,+1.36719773E+00
-164.00E-06,+1.36690171E+00,+1.36729195E+00
-163.00E-06,+1.36687030E+00,+1.36726839E+00
-162.00E-06,+1.36685460E+00,+1.36742543E+00
-161.00E-06,+1.36688601E+00,+1.36734691E+00
-160.00E-06,+1.36690171E+00,+1.36745684E+00
-159.00E-06,+1.36688601E+00,+1.36745684E+00
-158.00E-06,+1.36693312E+00,+1.36751965E+00
-157.00E-06,+1.36694882E+00,+1.36759032E+00
-156.00E-06,+1.36687030E+00,+1.36765313E+00
-155.00E-06,+1.36687030E+00,+1.36755891E+00
-154.00E-06,+1.36677608E+00,+1.36759817E+00
-153.00E-06,+1.36690171E+00,+1.36767668E+00
-152.00E-06,+1.36693312E+00,+1.36770809E+00
-151.00E-06,+1.36694882E+00,+1.36765313E+00
-150.00E-06,+1.36683890E+00,+1.36771594E+00
-149.00E-06,+1.36687030E+00,+1.36772380E+00
-148.00E-06,+1.36688601E+00,+1.36782587E+00
-147.00E-06,+1.36683890E+00,+1.36784942E+00
-146.00E-06,+1.36690171E+00,+1.36783372E+00
-145.00E-06,+1.36683890E+00,+1.36784157E+00
-144.00E-06,+1.36688601E+00,+1.36782587E+00
-143.00E-06,+1.36685460E+00,+1.36770809E+00
-142.00E-06,+1.36688601E+00,+1.36770024E+00
-141.00E-06,+1.36687030E+00,+1.36781802E+00
-140.00E-06,+1.36694882E+00,+1.36790439E+00
-139.00E-06,+1.36694882E+00,+1.36784942E+00
-138.00E-06,+1.36687030E+00,+1.36783372E+00
-137.00E-06,+1.36687030E+00,+1.36793579E+00
-136.00E-06,+1.36677608E+00,+1.36796720E+00
-135.00E-06,+1.36685460E+00,+1.36791224E+00
-134.00E-06,+1.36677608E+00,+1.36801431E+00
-133.00E-06,+1.36685460E+00,+1.36781802E+00
-132.00E-06,+1.36688601E+00,+1.36779446E+00
-131.00E-06,+1.36687030E+00,+1.36786513E+00
-130.00E-06,+1.36683890E+00,+1.36780231E+00
-129.00E-06,+1.36701163E+00,+1.36759032E+00
-128.00E-06,+1.36688601E+00,+1.36766098E+00
-127.00E-06,+1.36699593E+00,+1.36774735E+00
-126.00E-06,+1.36685460E+00,+1.36779446E+00
-125.00E-06,+1.36682319E+00,+1.36789653E+00
-124.00E-06,+1.36682319E+00,+1.36780231E+00
-123.00E-06,+1.36687030E+00,+1.36753535E+00
-122.00E-06,+1.36691741E+00,+1.36711921E+00
-121.00E-06,+1.36690171E+00,+1.36701714E+00
-120.00E-06,+1.36691741E+00,+1.36697788E+00
-119.00E-06,+1.36694882E+00,+1.36678158E+00
-118.00E-06,+1.36687030E+00,+1.36678158E+00
-117.00E-06,+1.36690171E+00,+1.36688366E+00
-116.00E-06,+1.36683890E+00,+1.36700143E+00
-115.00E-06,+1.36691741E+00,+1.36706425E+00
-114.00E-06,+1.36685460E+00,+1.36724484E+00
-113.00E-06,+1.36680749E+00,+1.36718202E+00
-112.00E-06,+1.36690171E+00,+1.36727625E+00
-111.00E-06,+1.36694882E+00,+1.36734691E+00
-110.00E-06,+1.36690171E+00,+1.36728410E+00
-109.00E-06,+1.36690171E+00,+1.36723699E+00
-108.00E-06,+1.36691741E+00,+1.36731550E+00
-107.00E-06,+1.36682319E+00,+1.36732336E+00
-106.00E-06,+1.36683890E+00,+1.36731550E+00
-105.00E-06,+1.36688601E+00,+1.36746469E+00
-104.00E-06,+1.36680749E+00,+1.36749609E+00
-103.00E-06,+1.36687030E+00,+1.36744113E+00
-102.00E-06,+1.36690171E+00,+1.36721343E+00
-101.00E-06,+1.36687030E+00,+1.36714277E+00
-100.00E-06,+1.36688601E+00,+1.36722128E+00
-99.00E-06,+1.36677608E+00,+1.36715847E+00
-98.00E-06,+1.36698023E+00,+1.36716632E+00
-97.00E-06,+1.36685460E+00,+1.36727625E+00
-96.00E-06,+1.36683890E+00,+1.36733906E+00
-95.00E-06,+1.36691741E+00,+1.36747254E+00
-94.00E-06,+1.36676038E+00,+1.36738617E+00
-93.00E-06,+1.36688601E+00,+1.36740973E+00
-92.00E-06,+1.36693312E+00,+1.36744898E+00
-91.00E-06,+1.36682319E+00,+1.36750395E+00
-90.00E-06,+1.36690171E+00,+1.36753535E+00
-89.00E-06,+1.36685460E+00,+1.36755106E+00
-88.00E-06,+1.36688601E+00,+1.36759817E+00
-87.00E-06,+1.36693312E+00,+1.36768454E+00
-86.00E-06,+1.36690171E+00,+1.36766883E+00
-85.00E-06,+1.36672897E+00,+1.36776305E+00
-84.00E-06,+1.36676038E+00,+1.36777876E+00
-83.00E-06,+1.36683890E+00,+1.36780231E+00
-82.00E-06,+1.36687030E+00,+1.36781016E+00
-81.00E-06,+1.36679179E+00,+1.36788083E+00
-80.00E-06,+1.36690171E+00,+1.36797505E+00
-79.00E-06,+1.36691741E+00,+1.36797505E+00
-78.00E-06,+1.36691741E+00,+1.36794364E+00
-77.00E-06,+1.36685460E+00,+1.36802216E+00
-76.00E-06,+1.36687030E+00,+1.36806927E+00
-75.00E-06,+1.36682319E+00,+1.36803787E+00
-74.00E-06,+1.36687030E+00,+1.36800646E+00
-73.00E-06,+1.36680749E+00,+1.36805357E+00
-72.00E-06,+1.36682319E+00,+1.36807712E+00
-71.00E-06,+1.36679179E+00,+1.36792009E+00
-70.00E-06,+1.36682319E+00,+1.36796720E+00
-69.00E-06,+1.36693312E+00,+1.36807712E+00
-68.00E-06,+1.36687030E+00,+1.36803001E+00
-67.00E-06,+1.36693312E+00,+1.36796720E+00
-66.00E-06,+1.36683890E+00,+1.36800646E+00
-65.00E-06,+1.36679179E+00,+1.36800646E+00
-64.00E-06,+1.36685460E+00,+1.36806142E+00
-63.00E-06,+1.36679179E+00,+1.36795935E+00
-62.00E-06,+1.36690171E+00,+1.36791224E+00
-61.00E-06,+1.36685460E+00,+1.36796720E+00
-60.00E-06,+1.36685460E+00,+1.36790439E+00
-59.00E-06,+1.36688601E+00,+1.36785728E+00
-58.00E-06,+1.36682319E+00,+1.36787298E+00
-57.00E-06,+1.36685460E+00,+1.36776305E+00
-56.00E-06,+1.36683890E+00,+1.36770809E+00
-55.00E-06,+1.36676038E+00,+1.36768454E+00
-54.00E-06,+1.36687030E+00,+1.36751965E+00
-53.00E-06,+1.36677608E+00,+1.36735476E+00
-52.00E-06,+1.36683890E+00,+1.36719773E+00
-51.00E-06,+1.36688601E+00,+1.36701714E+00
-50.00E-06,+1.36679179E+00,+1.36693077E+00
-49.00E-06,+1.36682319E+00,+1.36701714E+00
-48.00E-06,+1.36688601E+00,+1.36718988E+00
-47.00E-06,+1.36683890E+00,+1.36711921E+00
-46.00E-06,+1.36676038E+00,+1.36728410E+00
-45.00E-06,+1.36683890E+00,+1.36719773E+00
-44.00E-06,+1.36679179E+00,+1.36719773E+00
-43.00E-06,+1.36680749E+00,+1.36729195E+00
-42.00E-06,+1.36690171E+00,+1.36739402E+00
-41.00E-06,+1.36688601E+00,+1.36733906E+00
-40.00E-06,+1.36682319E+00,+1.36743328E+00
-39.00E-06,+1.36691741E+00,+1.36742543E+00
-38.00E-06,+1.36688601E+00,+1.36733121E+00
-37.00E-06,+1.36679179E+00,+1.36716632E+00
-36.00E-06,+1.36672897E+00,+1.36715062E+00
-35.00E-06,+1.36679179E+00,+1.36715062E+00
-34.00E-06,+1.36676038E+00,+1.36726839E+00
-33.00E-06,+1.36682319E+00,+1.36726839E+00
-32.00E-06,+1.36683890E+00,+1.36713491E+00
-31.00E-06,+1.36691741E+00,+1.36714277E+00
-30.00E-06,+1.36683890E+00,+1.36722913E+00
-29.00E-06,+1.36687030E+00,+1.36739402E+00
-28.00E-06,+1.36687030E+00,+1.36745684E+00
-27.00E-06,+1.36683890E+00,+1.36740187E+00
-26.00E-06,+1.36687030E+00,+1.36745684E+00
-25.00E-06,+1.36685460E+00,+1.36759032E+00
-24.00E-06,+1.36683890E+00,+1.36758246E+00
-23.00E-06,+1.36683890E+00,+1.36756676E+00
-22.00E-06,+1.36690171E+00,+1.36761387E+00
-21.00E-06,+1.36685460E+00,+1.36769239E+00
-20.00E-06,+1.36687030E+00,+1.36771594E+00
-19.00E-06,+1.36691741E+00,+1.36773950E+00
-18.00E-06,+1.36688601E+00,+1.36763743E+00
-17.00E-06,+1.36682319E+00,+1.36766883E+00
-16.00E-06,+1.36687030E+00,+1.36777091E+00
-15.00E-06,+1.36676038E+00,+1.36775520E+00
-14.00E-06,+1.36669756E+00,+1.36775520E+00
-13.00E-06,+1.36688601E+00,+1.36774735E+00
-12.00E-06,+1.36691741E+00,+1.36774735E+00
-11.00E-06,+1.36694882E+00,+1.36773165E+00
-10.00E-06,+1.36699593E+00,+1.36777091E+00
-9.00E-06,+1.36680749E+00,+1.36778661E+00
-8.00E-06,+1.36687030E+00,+1.36786513E+00
-7.00E-06,+1.36685460E+00,+1.36780231E+00
-6.00E-06,+1.36683890E+00,+1.36781802E+00
-5.00E-06,+1.36679179E+00,+1.36770024E+00
-4.00E-06,+1.36679179E+00,+1.36774735E+00
-3.00E-06,+1.36683890E+00,+1.36771594E+00
-2.00E-06,+1.36687030E+00,+1.36781016E+00
-1.00E-06,+1.36683890E+00,+1.36779446E+00
+0.0E+00,+1.50517118E+00,+1.36779446E+00
+1.00E-06,+1.51817369E+00,+1.36782587E+00
+2.00E-06,+1.51818940E+00,+1.36781802E+00
+3.00E-06,+1.51817369E+00,+1.36788083E+00
+4.00E-06,+1.51825221E+00,+1.36788083E+00
+5.00E-06,+1.51823651E+00,+1.36819490E+00
+6.00E-06,+1.51826791E+00,+1.36887800E+00
+7.00E-06,+1.51837784E+00,+1.36959251E+00
+8.00E-06,+1.51844065E+00,+1.37014214E+00
+9.00E-06,+1.51833073E+00,+1.37099013E+00
+10.00E-06,+1.51837784E+00,+1.37226211E+00
+11.00E-06,+1.51848776E+00,+1.37359691E+00
+12.00E-06,+1.51839354E+00,+1.37501023E+00
+13.00E-06,+1.51833073E+00,+1.37668265E+00
+14.00E-06,+1.51842495E+00,+1.37862204E+00
+15.00E-06,+1.51845636E+00,+1.38052216E+00
+16.00E-06,+1.51845636E+00,+1.38267354E+00
+17.00E-06,+1.51847206E+00,+1.38487989E+00
+18.00E-06,+1.51848776E+00,+1.38743956E+00
+19.00E-06,+1.51858198E+00,+1.38995212E+00
+20.00E-06,+1.51869191E+00,+1.39272380E+00
+21.00E-06,+1.51856628E+00,+1.39565250E+00
+22.00E-06,+1.51864480E+00,+1.39872254E+00
+23.00E-06,+1.51858198E+00,+1.40170621E+00
+24.00E-06,+1.51847206E+00,+1.40461136E+00
+25.00E-06,+1.51850347E+00,+1.40765784E+00
+26.00E-06,+1.51866050E+00,+1.41112832E+00
+27.00E-06,+1.51856628E+00,+1.41471657E+00
+28.00E-06,+1.51864480E+00,+1.41833623E+00
+29.00E-06,+1.51856628E+00,+1.42214434E+00
+30.00E-06,+1.51870761E+00,+1.42614088E+00
+31.00E-06,+1.51861339E+00,+1.43005106E+00
+32.00E-06,+1.51867621E+00,+1.43408686E+00
+33.00E-06,+1.51859769E+00,+1.43778504E+00
+34.00E-06,+1.51855058E+00,+1.44161670E+00
+35.00E-06,+1.51853487E+00,+1.44581739E+00
+36.00E-06,+1.51870761E+00,+1.44994741E+00
+37.00E-06,+1.51873902E+00,+1.45402248E+00
+38.00E-06,+1.51867621E+00,+1.45840376E+00
+39.00E-06,+1.51869191E+00,+1.46270652E+00
+40.00E-06,+1.51881754E+00,+1.46684440E+00
+41.00E-06,+1.51875472E+00,+1.47102938E+00
+42.00E-06,+1.51870761E+00,+1.47534785E+00
+43.00E-06,+1.51875472E+00,+1.47948573E+00
+44.00E-06,+1.51866050E+00,+1.48372568E+00
+45.00E-06,+1.51866050E+00,+1.48805985E+00
+46.00E-06,+1.51877043E+00,+1.49226054E+00
+47.00E-06,+1.51888035E+00,+1.49669678E+00
+48.00E-06,+1.51870761E+00,+1.50094459E+00
+49.00E-06,+1.51883324E+00,+1.50518454E+00
+50.00E-06,+1.51886465E+00,+1.50962078E+00
+51.00E-06,+1.51880183E+00,+1.51378221E+00
+52.00E-06,+1.51877043E+00,+1.51787298E+00
+53.00E-06,+1.51873902E+00,+1.52186952E+00
+54.00E-06,+1.51873902E+00,+1.52597599E+00
+55.00E-06,+1.51877043E+00,+1.53002750E+00
+56.00E-06,+1.51880183E+00,+1.53399264E+00
+57.00E-06,+1.51886465E+00,+1.53791852E+00
+58.00E-06,+1.51880183E+00,+1.54184440E+00
+59.00E-06,+1.51894317E+00,+1.54562109E+00
+60.00E-06,+1.51880183E+00,+1.54927216E+00
+61.00E-06,+1.51888035E+00,+1.55285256E+00
+62.00E-06,+1.51899028E+00,+1.55648007E+00
+63.00E-06,+1.51880183E+00,+1.55979352E+00
+64.00E-06,+1.51878613E+00,+1.56281644E+00
+65.00E-06,+1.51878613E+00,+1.56609063E+00
+66.00E-06,+1.51886465E+00,+1.56910570E+00
+67.00E-06,+1.51888035E+00,+1.57214433E+00
+68.00E-06,+1.51897457E+00,+1.57507304E+00
+69.00E-06,+1.51900598E+00,+1.57792323E+00
+70.00E-06,+1.51899028E+00,+1.58072631E+00
+71.00E-06,+1.51889606E+00,+1.58317605E+00
+72.00E-06,+1.51886465E+00,+1.58561010E+00
+73.00E-06,+1.51895887E+00,+1.58809911E+00
+74.00E-06,+1.51891176E+00,+1.59058811E+00
+75.00E-06,+1.51891176E+00,+1.59286512E+00
+76.00E-06,+1.51899028E+00,+1.59478881E+00
+77.00E-06,+1.51894317E+00,+1.59670463E+00
+78.00E-06,+1.51892746E+00,+1.59866757E+00
+79.00E-06,+1.51897457E+00,+1.60034000E+00
+80.00E-06,+1.51903739E+00,+1.60187109E+00
+81.00E-06,+1.51908450E+00,+1.60350426E+00
+82.00E-06,+1.51886465E+00,+1.60497254E+00
+83.00E-06,+1.51880183E+00,+1.60630734E+00
+84.00E-06,+1.51883324E+00,+1.60750865E+00
+85.00E-06,+1.51892746E+00,+1.60867857E+00
+86.00E-06,+1.51899028E+00,+1.60958152E+00
+87.00E-06,+1.51891176E+00,+1.61041381E+00
+88.00E-06,+1.51903739E+00,+1.61101839E+00
+89.00E-06,+1.51902168E+00,+1.61140313E+00
+90.00E-06,+1.51910020E+00,+1.61178001E+00
+91.00E-06,+1.51899028E+00,+1.61177216E+00
+92.00E-06,+1.51892746E+00,+1.61174860E+00
+93.00E-06,+1.51895887E+00,+1.61192919E+00
+94.00E-06,+1.51891176E+00,+1.61200771E+00
+95.00E-06,+1.51903739E+00,+1.61195275E+00
+96.00E-06,+1.51900598E+00,+1.61186638E+00
+97.00E-06,+1.51906879E+00,+1.61165438E+00
+98.00E-06,+1.51910020E+00,+1.61137957E+00
+99.00E-06,+1.51911590E+00,+1.61093987E+00
+100.00E-06,+1.51913161E+00,+1.61036669E+00
+101.00E-06,+1.51916302E+00,+1.60968359E+00
+102.00E-06,+1.51899028E+00,+1.60877279E+00
+103.00E-06,+1.51895887E+00,+1.60789339E+00
+104.00E-06,+1.51897457E+00,+1.60682555E+00
+105.00E-06,+1.51900598E+00,+1.60553001E+00
+106.00E-06,+1.51891176E+00,+1.60436795E+00
+107.00E-06,+1.51903739E+00,+1.60306456E+00
+108.00E-06,+1.51908450E+00,+1.60172976E+00
+109.00E-06,+1.51899028E+00,+1.60012800E+00
+110.00E-06,+1.51900598E+00,+1.59858120E+00
+111.00E-06,+1.51894317E+00,+1.59708152E+00
+112.00E-06,+1.51902168E+00,+1.59539339E+00
+113.00E-06,+1.51903739E+00,+1.59365815E+00
+114.00E-06,+1.51895887E+00,+1.59190721E+00
+115.00E-06,+1.51897457E+00,+1.59006990E+00
+116.00E-06,+1.51908450E+00,+1.58808340E+00
+117.00E-06,+1.51894317E+00,+1.58597913E+00
+118.00E-06,+1.51917872E+00,+1.58402404E+00
+119.00E-06,+1.51910020E+00,+1.58180200E+00
+120.00E-06,+1.51910020E+00,+1.57954854E+00
+121.00E-06,+1.51905309E+00,+1.57724012E+00
+122.00E-06,+1.51894317E+00,+1.57508874E+00
+123.00E-06,+1.51895887E+00,+1.57284314E+00
+124.00E-06,+1.51899028E+00,+1.57055828E+00
+125.00E-06,+1.51897457E+00,+1.56821060E+00
+126.00E-06,+1.51895887E+00,+1.56594930E+00
+127.00E-06,+1.51892746E+00,+1.56344458E+00
+128.00E-06,+1.51895887E+00,+1.56097913E+00
+129.00E-06,+1.51905309E+00,+1.55856079E+00
+130.00E-06,+1.51897457E+00,+1.55596971E+00
+131.00E-06,+1.51900598E+00,+1.55339433E+00
+132.00E-06,+1.51902168E+00,+1.55088177E+00
+133.00E-06,+1.51900598E+00,+1.54828284E+00
+134.00E-06,+1.51908450E+00,+1.54584094E+00
+135.00E-06,+1.51903739E+00,+1.54333623E+00
+136.00E-06,+1.51892746E+00,+1.54089433E+00
+137.00E-06,+1.51906879E+00,+1.53799703E+00
+138.00E-06,+1.51905309E+00,+1.53542166E+00
+139.00E-06,+1.51902168E+00,+1.53293265E+00
+140.00E-06,+1.51906879E+00,+1.53030231E+00
+141.00E-06,+1.51897457E+00,+1.52795464E+00
+142.00E-06,+1.51899028E+00,+1.52550489E+00
+143.00E-06,+1.51897457E+00,+1.52303943E+00
+144.00E-06,+1.51905309E+00,+1.52067606E+00
+145.00E-06,+1.51899028E+00,+1.51807712E+00
+146.00E-06,+1.51906879E+00,+1.51559597E+00
+147.00E-06,+1.51902168E+00,+1.51331896E+00
+148.00E-06,+1.51906879E+00,+1.51090062E+00
+149.00E-06,+1.51908450E+00,+1.50827813E+00
+150.00E-06,+1.51897457E+00,+1.50608749E+00
+151.00E-06,+1.51900598E+00,+1.50384974E+00
+152.00E-06,+1.51900598E+00,+1.50181613E+00
+153.00E-06,+1.51895887E+00,+1.49979823E+00
+154.00E-06,+1.51897457E+00,+1.49785884E+00
+155.00E-06,+1.51914731E+00,+1.49596657E+00
+156.00E-06,+1.51906879E+00,+1.49412926E+00
+157.00E-06,+1.51906879E+00,+1.49182869E+00
+158.00E-06,+1.51921013E+00,+1.49005420E+00
+159.00E-06,+1.51913161E+00,+1.48846029E+00
+160.00E-06,+1.51906879E+00,+1.48676431E+00
+161.00E-06,+1.51908450E+00,+1.48530388E+00
+162.00E-06,+1.51913161E+00,+1.48381205E+00
+163.00E-06,+1.51892746E+00,+1.48233592E+00
+164.00E-06,+1.51899028E+00,+1.48094616E+00
+165.00E-06,+1.51894317E+00,+1.47961136E+00
+166.00E-06,+1.51908450E+00,+1.47830011E+00
+167.00E-06,+1.51899028E+00,+1.47709879E+00
+168.00E-06,+1.51905309E+00,+1.47590533E+00
+169.00E-06,+1.51911590E+00,+1.47483749E+00
+170.00E-06,+1.51902168E+00,+1.47383246E+00
+171.00E-06,+1.51913161E+00,+1.47288240E+00
+172.00E-06,+1.51910020E+00,+1.47205011E+00
+173.00E-06,+1.51899028E+00,+1.47131205E+00
+174.00E-06,+1.51902168E+00,+1.47069176E+00
+175.00E-06,+1.51908450E+00,+1.47001651E+00
+176.00E-06,+1.51905309E+00,+1.46952970E+00
+177.00E-06,+1.51908450E+00,+1.46905074E+00
+178.00E-06,+1.51914731E+00,+1.46870526E+00
+179.00E-06,+1.51905309E+00,+1.46832053E+00
+180.00E-06,+1.51905309E+00,+1.46794364E+00
+181.00E-06,+1.51902168E+00,+1.46737047E+00
+182.00E-06,+1.51899028E+00,+1.46722913E+00
+183.00E-06,+1.51894317E+00,+1.46717417E+00
+184.00E-06,+1.51910020E+00,+1.46719773E+00
+185.00E-06,+1.51897457E+00,+1.46729195E+00
+186.00E-06,+1.51905309E+00,+1.46738617E+00
+187.00E-06,+1.51902168E+00,+1.46767668E+00
+188.00E-06,+1.51913161E+00,+1.46788083E+00
+189.00E-06,+1.51910020E+00,+1.46816349E+00
+190.00E-06,+1.51903739E+00,+1.46856393E+00
+191.00E-06,+1.51902168E+00,+1.46900363E+00
+192.00E-06,+1.51903739E+00,+1.46945118E+00
+193.00E-06,+1.51884894E+00,+1.46990658E+00
+194.00E-06,+1.51895887E+00,+1.47059754E+00
+195.00E-06,+1.51903739E+00,+1.47113931E+00
+196.00E-06,+1.51913161E+00,+1.47172034E+00
+197.00E-06,+1.51906879E+00,+1.47242700E+00
+198.00E-06,+1.51905309E+00,+1.47330639E+00
+199.00E-06,+1.51908450E+00,+1.47413083E+00
+200.00E-06,+1.51905309E+00,+1.47514371E+00
+201.00E-06,+1.51888035E+00,+1.47583466E+00
+202.00E-06,+1.51908450E+00,+1.47670621E+00
+203.00E-06,+1.51899028E+00,+1.47726368E+00
+204.00E-06,+1.51899028E+00,+1.47820589E+00
+205.00E-06,+1.51897457E+00,+1.47931299E+00
+206.00E-06,+1.51895887E+00,+1.48026305E+00
+207.00E-06,+1.51891176E+00,+1.48146437E+00
+208.00E-06,+1.51910020E+00,+1.48269710E+00
+209.00E-06,+1.51900598E+00,+1.48397693E+00
+210.00E-06,+1.51911590E+00,+1.48544521E+00
+211.00E-06,+1.51914731E+00,+1.48689779E+00
+212.00E-06,+1.51895887E+00,+1.48819333E+00
+213.00E-06,+1.51899028E+00,+1.48950457E+00
+214.00E-06,+1.51911590E+00,+1.49052530E+00
+215.00E-06,+1.51906879E+00,+1.49173447E+00
+216.00E-06,+1.51892746E+00,+1.49313209E+00
+217.00E-06,+1.51916302E+00,+1.49443548E+00
+218.00E-06,+1.51914731E+00,+1.49592731E+00
+219.00E-06,+1.51916302E+00,+1.49746626E+00
+220.00E-06,+1.51906879E+00,+1.49901305E+00
+221.00E-06,+1.51892746E+00,+1.50052844E+00
+222.00E-06,+1.51895887E+00,+1.50216161E+00
+223.00E-06,+1.51894317E+00,+1.50361418E+00
+224.00E-06,+1.51905309E+00,+1.50515313E+00
+225.00E-06,+1.51895887E+00,+1.50677844E+00
+226.00E-06,+1.51899028E+00,+1.50854509E+00
+227.00E-06,+1.51899028E+00,+1.50985633E+00
+228.00E-06,+1.51908450E+00,+1.51113617E+00
+229.00E-06,+1.51899028E+00,+1.51260445E+00
+230.00E-06,+1.51900598E+00,+1.51412769E+00
+231.00E-06,+1.51902168E+00,+1.51565093E+00
+232.00E-06,+1.51899028E+00,+1.51707210E+00
+233.00E-06,+1.51894317E+00,+1.51865815E+00
+234.00E-06,+1.51906879E+00,+1.52020495E+00
+235.00E-06,+1.51895887E+00,+1.52163397E+00
+236.00E-06,+1.51888035E+00,+1.52283529E+00
+237.00E-06,+1.51908450E+00,+1.52415438E+00
+238.00E-06,+1.51911590E+00,+1.52537926E+00
+239.00E-06,+1.51900598E+00,+1.52679258E+00
+240.00E-06,+1.51902168E+00,+1.52808026E+00
+241.00E-06,+1.51899028E+00,+1.52941506E+00
+242.00E-06,+1.51894317E+00,+1.53076557E+00
+243.00E-06,+1.51892746E+00,+1.53203755E+00
+244.00E-06,+1.51900598E+00,+1.53331739E+00
+245.00E-06,+1.51900598E+00,+1.53474641E+00
+246.00E-06,+1.51903739E+00,+1.53596343E+00
+247.00E-06,+1.51895887E+00,+1.53712549E+00
+248.00E-06,+1.51902168E+00,+1.53818548E+00
+249.00E-06,+1.51894317E+00,+1.53935539E+00
+250.00E-06,+1.51900598E+00,+1.54055671E+00
+251.00E-06,+1.51886465E+00,+1.54145181E+00
+252.00E-06,+1.51889606E+00,+1.54241757E+00
+253.00E-06,+1.51895887E+00,+1.54328127E+00
+254.00E-06,+1.51900598E+00,+1.54428629E+00
+255.00E-06,+1.51905309E+00,+1.54516569E+00
+256.00E-06,+1.51902168E+00,+1.54600583E+00
+257.00E-06,+1.51913161E+00,+1.54689308E+00
+258.00E-06,+1.51911590E+00,+1.54770181E+00
+259.00E-06,+1.51899028E+00,+1.54840062E+00
+260.00E-06,+1.51899028E+00,+1.54906016E+00
+261.00E-06,+1.51906879E+00,+1.54958623E+00
+262.00E-06,+1.51899028E+00,+1.54991600E+00
+263.00E-06,+1.51899028E+00,+1.55039496E+00
+264.00E-06,+1.51894317E+00,+1.55093673E+00
+265.00E-06,+1.51914731E+00,+1.55137643E+00
+266.00E-06,+1.51899028E+00,+1.55181613E+00
+267.00E-06,+1.51910020E+00,+1.55218516E+00
+268.00E-06,+1.51908450E+00,+1.55256990E+00
+269.00E-06,+1.51894317E+00,+1.55277404E+00
+270.00E-06,+1.51894317E+00,+1.55307241E+00
+271.00E-06,+1.51894317E+00,+1.55329226E+00
+272.00E-06,+1.51892746E+00,+1.55341004E+00
+273.00E-06,+1.51892746E+00,+1.55359848E+00
+274.00E-06,+1.51897457E+00,+1.55333937E+00
+275.00E-06,+1.51902168E+00,+1.55317448E+00
+276.00E-06,+1.51899028E+00,+1.55304100E+00
+277.00E-06,+1.51899028E+00,+1.55287612E+00
+278.00E-06,+1.51911590E+00,+1.55277404E+00
+279.00E-06,+1.51903739E+00,+1.55275834E+00
+280.00E-06,+1.51891176E+00,+1.55253849E+00
+281.00E-06,+1.51903739E+00,+1.55243642E+00
+282.00E-06,+1.51892746E+00,+1.55225583E+00
+283.00E-06,+1.51897457E+00,+1.55161984E+00
+284.00E-06,+1.51899028E+00,+1.55128221E+00
+285.00E-06,+1.51902168E+00,+1.55110947E+00
+286.00E-06,+1.51899028E+00,+1.55080325E+00
+287.00E-06,+1.51900598E+00,+1.55041852E+00
+288.00E-06,+1.51905309E+00,+1.55000237E+00
+289.00E-06,+1.51891176E+00,+1.54966475E+00
+290.00E-06,+1.51900598E+00,+1.54932712E+00
+291.00E-06,+1.51884894E+00,+1.54877750E+00
+292.00E-06,+1.51894317E+00,+1.54816506E+00
+293.00E-06,+1.51895887E+00,+1.54767040E+00
+294.00E-06,+1.51902168E+00,+1.54714433E+00
+295.00E-06,+1.51883324E+00,+1.54653190E+00
+296.00E-06,+1.51900598E+00,+1.54585665E+00
+297.00E-06,+1.51900598E+00,+1.54525206E+00
+298.00E-06,+1.51895887E+00,+1.54449044E+00
+299.00E-06,+1.51897457E+00,+1.54372882E+00
+300.00E-06,+1.51880183E+00,+1.54300646E+00
+301.00E-06,+1.51900598E+00,+1.54244113E+00
+302.00E-06,+1.51897457E+00,+1.54162455E+00
+303.00E-06,+1.51894317E+00,+1.54073730E+00
+304.00E-06,+1.51902168E+00,+1.53972442E+00
+305.00E-06,+1.51881754E+00,+1.53885288E+00
+306.00E-06,+1.51891176E+00,+1.53811481E+00
+307.00E-06,+1.51899028E+00,+1.53729038E+00
+308.00E-06,+1.51894317E+00,+1.53646594E+00
+309.00E-06,+1.51889606E+00,+1.53576714E+00
+310.00E-06,+1.51891176E+00,+1.53484063E+00
+311.00E-06,+1.51889606E+00,+1.53389842E+00
+312.00E-06,+1.51897457E+00,+1.53277562E+00
+313.00E-06,+1.51894317E+00,+1.53195118E+00
+314.00E-06,+1.51900598E+00,+1.53105608E+00
+315.00E-06,+1.51889606E+00,+1.53017668E+00
+316.00E-06,+1.51892746E+00,+1.52944647E+00
+317.00E-06,+1.51903739E+00,+1.52867700E+00
+318.00E-06,+1.51895887E+00,+1.52784471E+00
+319.00E-06,+1.51889606E+00,+1.52694176E+00
+320.00E-06,+1.51889606E+00,+1.52597599E+00
+321.00E-06,+1.51897457E+00,+1.52490815E+00
+322.00E-06,+1.51883324E+00,+1.52389528E+00
+323.00E-06,+1.51899028E+00,+1.52296877E+00
+324.00E-06,+1.51899028E+00,+1.52225426E+00
+325.00E-06,+1.51897457E+00,+1.52142982E+00
+326.00E-06,+1.51910020E+00,+1.52073102E+00
+327.00E-06,+1.51897457E+00,+1.51994584E+00
+328.00E-06,+1.51897457E+00,+1.51920778E+00
+329.00E-06,+1.51897457E+00,+1.51842260E+00
+330.00E-06,+1.51892746E+00,+1.51748824E+00
+331.00E-06,+1.51891176E+00,+1.51671092E+00
+332.00E-06,+1.51902168E+00,+1.51603567E+00
+333.00E-06,+1.51888035E+00,+1.51528190E+00
+334.00E-06,+1.51900598E+00,+1.51457524E+00
+335.00E-06,+1.51894317E+00,+1.51388428E+00
+336.00E-06,+1.51921013E+00,+1.51313837E+00
+337.00E-06,+1.51908450E+00,+1.51264371E+00
+338.00E-06,+1.51895887E+00,+1.51192134E+00
+339.00E-06,+1.51892746E+00,+1.51098698E+00
+340.00E-06,+1.51899028E+00,+1.51027247E+00
+341.00E-06,+1.51888035E+00,+1.50979352E+00
+342.00E-06,+1.51900598E+00,+1.50934597E+00
+343.00E-06,+1.51889606E+00,+1.50878849E+00
+344.00E-06,+1.51897457E+00,+1.50828598E+00
+345.00E-06,+1.51903739E+00,+1.50759503E+00
+346.00E-06,+1.51891176E+00,+1.50702185E+00
+347.00E-06,+1.51911590E+00,+1.50657430E+00
+348.00E-06,+1.51900598E+00,+1.50610319E+00
+349.00E-06,+1.51895887E+00,+1.50577342E+00
+350.00E-06,+1.51902168E+00,+1.50544364E+00
+351.00E-06,+1.51892746E+00,+1.50494113E+00
+352.00E-06,+1.51875472E+00,+1.50454069E+00
+353.00E-06,+1.51902168E+00,+1.50388114E+00
+354.00E-06,+1.51895887E+00,+1.50353567E+00
+355.00E-06,+1.51902168E+00,+1.50328441E+00
+356.00E-06,+1.51906879E+00,+1.50266412E+00
+357.00E-06,+1.51903739E+00,+1.50244427E+00
+358.00E-06,+1.51895887E+00,+1.50233435E+00
+359.00E-06,+1.51886465E+00,+1.50216946E+00
+360.00E-06,+1.51886465E+00,+1.50207524E+00
+361.00E-06,+1.51877043E+00,+1.50207524E+00
+362.00E-06,+1.51888035E+00,+1.50202813E+00
+363.00E-06,+1.51899028E+00,+1.50197317E+00
+364.00E-06,+1.51891176E+00,+1.50199672E+00
+365.00E-06,+1.51900598E+00,+1.50202028E+00
+366.00E-06,+1.51906879E+00,+1.50202813E+00
+367.00E-06,+1.51892746E+00,+1.50213805E+00
+368.00E-06,+1.51892746E+00,+1.50213020E+00
+369.00E-06,+1.51886465E+00,+1.50191820E+00
+370.00E-06,+1.51891176E+00,+1.50165124E+00
+371.00E-06,+1.51889606E+00,+1.50175332E+00
+372.00E-06,+1.51875472E+00,+1.50198102E+00
+373.00E-06,+1.51897457E+00,+1.50224798E+00
+374.00E-06,+1.51900598E+00,+1.50231864E+00
+375.00E-06,+1.51884894E+00,+1.50223227E+00
+376.00E-06,+1.51894317E+00,+1.50260916E+00
+377.00E-06,+1.51897457E+00,+1.50289967E+00
+378.00E-06,+1.51889606E+00,+1.50311952E+00
+379.00E-06,+1.51892746E+00,+1.50323730E+00
+380.00E-06,+1.51891176E+00,+1.50366129E+00
+381.00E-06,+1.51880183E+00,+1.50404603E+00
+382.00E-06,+1.51883324E+00,+1.50436010E+00
+383.00E-06,+1.51897457E+00,+1.50476054E+00
+384.00E-06,+1.51883324E+00,+1.50512957E+00
+385.00E-06,+1.51897457E+00,+1.50556142E+00
+386.00E-06,+1.51897457E+00,+1.50589905E+00
+387.00E-06,+1.51889606E+00,+1.50634660E+00
+388.00E-06,+1.51884894E+00,+1.50680985E+00
+389.00E-06,+1.51881754E+00,+1.50732807E+00
+390.00E-06,+1.51880183E+00,+1.50779917E+00
+391.00E-06,+1.51884894E+00,+1.50838805E+00
+392.00E-06,+1.51864480E+00,+1.50889057E+00
+393.00E-06,+1.51884894E+00,+1.50940093E+00
+394.00E-06,+1.51889606E+00,+1.50993485E+00
+395.00E-06,+1.51883324E+00,+1.51040595E+00
+396.00E-06,+1.51899028E+00,+1.51099484E+00
+397.00E-06,+1.51891176E+00,+1.51160727E+00
+398.00E-06,+1.51894317E+00,+1.51195275E+00
+399.00E-06,+1.51892746E+00,+1.51233749E+00
+400.00E-06,+1.51892746E+00,+1.51286356E+00
+401.00E-06,+1.51881754E+00,+1.51353095E+00
+402.00E-06,+1.51897457E+00,+1.51401776E+00
+403.00E-06,+1.51895887E+00,+1.51460665E+00
+404.00E-06,+1.51888035E+00,+1.51510916E+00
+405.00E-06,+1.51897457E+00,+1.51543108E+00
+406.00E-06,+1.51900598E+00,+1.51575300E+00
+407.00E-06,+1.51911590E+00,+1.51631833E+00
+408.00E-06,+1.51899028E+00,+1.51682084E+00
+409.00E-06,+1.51888035E+00,+1.51748039E+00
+410.00E-06,+1.51884894E+00,+1.51800646E+00
+411.00E-06,+1.51881754E+00,+1.51861889E+00
+412.00E-06,+1.51884894E+00,+1.51921563E+00
+413.00E-06,+1.51880183E+00,+1.51979666E+00
+414.00E-06,+1.51892746E+00,+1.52040124E+00
+415.00E-06,+1.51897457E+00,+1.52094301E+00
+416.00E-06,+1.51895887E+00,+1.52135916E+00
+417.00E-06,+1.51919442E+00,+1.52172819E+00
+418.00E-06,+1.51888035E+00,+1.52204226E+00
+419.00E-06,+1.51886465E+00,+1.52212863E+00
+420.00E-06,+1.51897457E+00,+1.52261544E+00
+421.00E-06,+1.51891176E+00,+1.52320432E+00
+422.00E-06,+1.51892746E+00,+1.52375394E+00
+423.00E-06,+1.51895887E+00,+1.52433497E+00
+424.00E-06,+1.51894317E+00,+1.52486104E+00
+425.00E-06,+1.51899028E+00,+1.52542637E+00
+426.00E-06,+1.51892746E+00,+1.52571688E+00
+427.00E-06,+1.51899028E+00,+1.52599955E+00
+428.00E-06,+1.51888035E+00,+1.52610162E+00
+429.00E-06,+1.51886465E+00,+1.52637643E+00
+430.00E-06,+1.51881754E+00,+1.52679258E+00
+431.00E-06,+1.51884894E+00,+1.52723227E+00
+432.00E-06,+1.51897457E+00,+1.52779760E+00
+433.00E-06,+1.51880183E+00,+1.52828441E+00
+434.00E-06,+1.51892746E+00,+1.52870055E+00
+435.00E-06,+1.51892746E+00,+1.52910099E+00
+436.00E-06,+1.51892746E+00,+1.52944647E+00
+437.00E-06,+1.51902168E+00,+1.52974484E+00
+438.00E-06,+1.51897457E+00,+1.53005891E+00
+439.00E-06,+1.51888035E+00,+1.53027090E+00
+440.00E-06,+1.51889606E+00,+1.53054572E+00
+441.00E-06,+1.51894317E+00,+1.53035727E+00
+442.00E-06,+1.51889606E+00,+1.53043579E+00
+443.00E-06,+1.51895887E+00,+1.53063209E+00
+444.00E-06,+1.51903739E+00,+1.53078127E+00
+445.00E-06,+1.51895887E+00,+1.53104038E+00
+446.00E-06,+1.51891176E+00,+1.53126023E+00
+447.00E-06,+1.51886465E+00,+1.53135445E+00
+448.00E-06,+1.51883324E+00,+1.53156644E+00
+449.00E-06,+1.51883324E+00,+1.53162926E+00
+450.00E-06,+1.51889606E+00,+1.53169992E+00
+451.00E-06,+1.51877043E+00,+1.53183340E+00
+452.00E-06,+1.51878613E+00,+1.53196688E+00
+453.00E-06,+1.51878613E+00,+1.53206896E+00
+454.00E-06,+1.51888035E+00,+1.53214747E+00
+455.00E-06,+1.51899028E+00,+1.53216318E+00
+456.00E-06,+1.51899028E+00,+1.53209251E+00
+457.00E-06,+1.51886465E+00,+1.53207681E+00
+458.00E-06,+1.51888035E+00,+1.53206896E+00
+459.00E-06,+1.51883324E+00,+1.53208466E+00
+460.00E-06,+1.51884894E+00,+1.53222599E+00
+461.00E-06,+1.51892746E+00,+1.53221814E+00
+462.00E-06,+1.51886465E+00,+1.53217103E+00
+463.00E-06,+1.51889606E+00,+1.53214747E+00
+464.00E-06,+1.51886465E+00,+1.53213177E+00
+465.00E-06,+1.51899028E+00,+1.53200614E+00
+466.00E-06,+1.51900598E+00,+1.53177844E+00
+467.00E-06,+1.51897457E+00,+1.53169992E+00
+468.00E-06,+1.51888035E+00,+1.53156644E+00
+469.00E-06,+1.51888035E+00,+1.53146437E+00
+470.00E-06,+1.51884894E+00,+1.53137015E+00
+471.00E-06,+1.51894317E+00,+1.53116600E+00
+472.00E-06,+1.51889606E+00,+1.53101682E+00
+473.00E-06,+1.51881754E+00,+1.53089119E+00
+474.00E-06,+1.51900598E+00,+1.53060853E+00
+475.00E-06,+1.51891176E+00,+1.53034942E+00
+476.00E-06,+1.51889606E+00,+1.52985476E+00
+477.00E-06,+1.51891176E+00,+1.52950928E+00
+478.00E-06,+1.51889606E+00,+1.52928943E+00
+479.00E-06,+1.51884894E+00,+1.52908529E+00
+480.00E-06,+1.51881754E+00,+1.52888899E+00
+481.00E-06,+1.51894317E+00,+1.52857492E+00
+482.00E-06,+1.51895887E+00,+1.52837078E+00
+483.00E-06,+1.51899028E+00,+1.52818234E+00
+484.00E-06,+1.51886465E+00,+1.52794678E+00
+485.00E-06,+1.51902168E+00,+1.52749138E+00
+486.00E-06,+1.51895887E+00,+1.52728724E+00
+487.00E-06,+1.51897457E+00,+1.52704383E+00
+488.00E-06,+1.51888035E+00,+1.52677687E+00
+489.00E-06,+1.51875472E+00,+1.52658058E+00
+490.00E-06,+1.51886465E+00,+1.52635288E+00
+491.00E-06,+1.51894317E+00,+1.52610162E+00
+492.00E-06,+1.51892746E+00,+1.52561481E+00
+493.00E-06,+1.51894317E+00,+1.52518296E+00
+494.00E-06,+1.51891176E+00,+1.52482178E+00
+495.00E-06,+1.51895887E+00,+1.52451557E+00
+496.00E-06,+1.51888035E+00,+1.52435068E+00
+497.00E-06,+1.51889606E+00,+1.52413083E+00
+498.00E-06,+1.51886465E+00,+1.52379320E+00
+499.00E-06,+1.51889606E+00,+1.52351839E+00
+500.00E-06,+1.51884894E+00,+1.52314151E+00
+501.00E-06,+1.51891176E+00,+1.52277247E+00
+502.00E-06,+1.51884894E+00,+1.52244270E+00
+503.00E-06,+1.51881754E+00,+1.52212863E+00
+504.00E-06,+1.51910020E+00,+1.52177530E+00
+505.00E-06,+1.51895887E+00,+1.52151619E+00
+506.00E-06,+1.51902168E+00,+1.52130420E+00
+507.00E-06,+1.51891176E+00,+1.52080953E+00
+508.00E-06,+1.51900598E+00,+1.52061324E+00
+509.00E-06,+1.51881754E+00,+1.52028347E+00
+510.00E-06,+1.51888035E+00,+1.51990658E+00
+511.00E-06,+1.51891176E+00,+1.51978095E+00
+512.00E-06,+1.51894317E+00,+1.51955325E+00
+513.00E-06,+1.51891176E+00,+1.51912141E+00
+514.00E-06,+1.51892746E+00,+1.51868956E+00
+515.00E-06,+1.51891176E+00,+1.51849327E+00
+516.00E-06,+1.51897457E+00,+1.51824201E+00
+517.00E-06,+1.51881754E+00,+1.51782587E+00
+518.00E-06,+1.51891176E+00,+1.51759817E+00
+519.00E-06,+1.51891176E+00,+1.51744113E+00
+520.00E-06,+1.51875472E+00,+1.51731550E+00
+521.00E-06,+1.51881754E+00,+1.51704854E+00
+522.00E-06,+1.51888035E+00,+1.51692291E+00
+523.00E-06,+1.51884894E+00,+1.51682084E+00
+524.00E-06,+1.51886465E+00,+1.51668736E+00
+525.00E-06,+1.51895887E+00,+1.51663240E+00
+526.00E-06,+1.51886465E+00,+1.51641255E+00
+527.00E-06,+1.51883324E+00,+1.51634974E+00
+528.00E-06,+1.51889606E+00,+1.51614559E+00
+529.00E-06,+1.51895887E+00,+1.51612989E+00
+530.00E-06,+1.51888035E+00,+1.51600426E+00
+531.00E-06,+1.51891176E+00,+1.51581582E+00
+532.00E-06,+1.51888035E+00,+1.51575300E+00
+533.00E-06,+1.51883324E+00,+1.51572160E+00
+534.00E-06,+1.51895887E+00,+1.51565093E+00
+535.00E-06,+1.51884894E+00,+1.51561167E+00
+536.00E-06,+1.51877043E+00,+1.51550175E+00
+537.00E-06,+1.51891176E+00,+1.51541538E+00
+538.00E-06,+1.51888035E+00,+1.51521908E+00
+539.00E-06,+1.51880183E+00,+1.51514842E+00
+540.00E-06,+1.51889606E+00,+1.51503064E+00
+541.00E-06,+1.51894317E+00,+1.51490501E+00
+542.00E-06,+1.51892746E+00,+1.51486575E+00
+543.00E-06,+1.51877043E+00,+1.51492072E+00
+544.00E-06,+1.51900598E+00,+1.51449672E+00
+545.00E-06,+1.51891176E+00,+1.51425332E+00
+546.00E-06,+1.51881754E+00,+1.51428472E+00
+547.00E-06,+1.51889606E+00,+1.51436324E+00
+548.00E-06,+1.51881754E+00,+1.51447317E+00
+549.00E-06,+1.51883324E+00,+1.51451242E+00
+550.00E-06,+1.51891176E+00,+1.51452813E+00
+551.00E-06,+1.51880183E+00,+1.51461450E+00
+552.00E-06,+1.51894317E+00,+1.51466161E+00
+553.00E-06,+1.51881754E+00,+1.51453598E+00
+554.00E-06,+1.51892746E+00,+1.51436324E+00
+555.00E-06,+1.51886465E+00,+1.51418265E+00
+556.00E-06,+1.51881754E+00,+1.51432398E+00
+557.00E-06,+1.51891176E+00,+1.51444961E+00
+558.00E-06,+1.51892746E+00,+1.51458309E+00
+559.00E-06,+1.51888035E+00,+1.51480294E+00
+560.00E-06,+1.51869191E+00,+1.51503064E+00
+561.00E-06,+1.51891176E+00,+1.51519553E+00
+562.00E-06,+1.51891176E+00,+1.51535256E+00
+563.00E-06,+1.51891176E+00,+1.51542323E+00
+564.00E-06,+1.51895887E+00,+1.51557241E+00
+565.00E-06,+1.51888035E+00,+1.51539967E+00
+566.00E-06,+1.51881754E+00,+1.51533686E+00
+567.00E-06,+1.51892746E+00,+1.51534471E+00
+568.00E-06,+1.51878613E+00,+1.51532116E+00
+569.00E-06,+1.51883324E+00,+1.51536827E+00
+570.00E-06,+1.51881754E+00,+1.51550960E+00
+571.00E-06,+1.51881754E+00,+1.51580796E+00
+572.00E-06,+1.51878613E+00,+1.51609848E+00
+573.00E-06,+1.51880183E+00,+1.51630263E+00
+574.00E-06,+1.51894317E+00,+1.51642825E+00
+575.00E-06,+1.51875472E+00,+1.51671877E+00
+576.00E-06,+1.51889606E+00,+1.51698573E+00
+577.00E-06,+1.51884894E+00,+1.51710350E+00
+578.00E-06,+1.51870761E+00,+1.51737046E+00
+579.00E-06,+1.51880183E+00,+1.51750394E+00
+580.00E-06,+1.51888035E+00,+1.51772379E+00
+581.00E-06,+1.51892746E+00,+1.51781016E+00
+582.00E-06,+1.51878613E+00,+1.51800646E+00
+583.00E-06,+1.51892746E+00,+1.51815564E+00
+584.00E-06,+1.51894317E+00,+1.51832838E+00
+585.00E-06,+1.51886465E+00,+1.51842260E+00
+586.00E-06,+1.51881754E+00,+1.51849327E+00
+587.00E-06,+1.51884894E+00,+1.51865030E+00
+588.00E-06,+1.51881754E+00,+1.51900363E+00
+589.00E-06,+1.51883324E+00,+1.51915281E+00
+590.00E-06,+1.51894317E+00,+1.51948259E+00
+591.00E-06,+1.51889606E+00,+1.51966318E+00
+592.00E-06,+1.51873902E+00,+1.51997725E+00
+593.00E-06,+1.51892746E+00,+1.52022850E+00
+594.00E-06,+1.51886465E+00,+1.52029917E+00
+595.00E-06,+1.51889606E+00,+1.52060539E+00
+596.00E-06,+1.51880183E+00,+1.52081739E+00
+597.00E-06,+1.51886465E+00,+1.52093516E+00
+598.00E-06,+1.51883324E+00,+1.52124138E+00
+599.00E-06,+1.51878613E+00,+1.52146123E+00
+600.00E-06,+1.51888035E+00,+1.52156330E+00
+601.00E-06,+1.51892746E+00,+1.52167323E+00
+602.00E-06,+1.51884894E+00,+1.52194804E+00
+603.00E-06,+1.51889606E+00,+1.52211293E+00
+604.00E-06,+1.51895887E+00,+1.52222285E+00
+605.00E-06,+1.51889606E+00,+1.52233278E+00
+606.00E-06,+1.51888035E+00,+1.52254477E+00
+607.00E-06,+1.51872332E+00,+1.52271751E+00
+608.00E-06,+1.51875472E+00,+1.52300018E+00
+609.00E-06,+1.51889606E+00,+1.52318077E+00
+610.00E-06,+1.51883324E+00,+1.52338491E+00
+611.00E-06,+1.51878613E+00,+1.52354980E+00
+612.00E-06,+1.51883324E+00,+1.52355765E+00
+613.00E-06,+1.51905309E+00,+1.52348698E+00
+614.00E-06,+1.51883324E+00,+1.52351839E+00
+615.00E-06,+1.51878613E+00,+1.52372254E+00
+616.00E-06,+1.51884894E+00,+1.52397379E+00
+617.00E-06,+1.51880183E+00,+1.52409157E+00
+618.00E-06,+1.51881754E+00,+1.52423290E+00
+619.00E-06,+1.51870761E+00,+1.52435068E+00
+620.00E-06,+1.51877043E+00,+1.52439779E+00
+621.00E-06,+1.51880183E+00,+1.52443705E+00
+622.00E-06,+1.51888035E+00,+1.52457053E+00
+623.00E-06,+1.51897457E+00,+1.52468830E+00
+624.00E-06,+1.51884894E+00,+1.52478252E+00
+625.00E-06,+1.51878613E+00,+1.52434283E+00
+626.00E-06,+1.51883324E+00,+1.52424861E+00
+627.00E-06,+1.51872332E+00,+1.52424075E+00
+628.00E-06,+1.51877043E+00,+1.52421720E+00
+629.00E-06,+1.51881754E+00,+1.52433497E+00
+630.00E-06,+1.51878613E+00,+1.52449986E+00
+631.00E-06,+1.51880183E+00,+1.52452342E+00
+632.00E-06,+1.51889606E+00,+1.52461764E+00
+633.00E-06,+1.51884894E+00,+1.52474327E+00
+634.00E-06,+1.51891176E+00,+1.52477467E+00
+635.00E-06,+1.51884894E+00,+1.52501023E+00
+636.00E-06,+1.51880183E+00,+1.52515156E+00
+637.00E-06,+1.51883324E+00,+1.52479038E+00
+638.00E-06,+1.51897457E+00,+1.52438994E+00
+639.00E-06,+1.51881754E+00,+1.52429572E+00
+640.00E-06,+1.51875472E+00,+1.52433497E+00
+641.00E-06,+1.51875472E+00,+1.52435068E+00
+642.00E-06,+1.51889606E+00,+1.52446060E+00
+643.00E-06,+1.51886465E+00,+1.52458623E+00
+644.00E-06,+1.51884894E+00,+1.52465690E+00
+645.00E-06,+1.51884894E+00,+1.52470401E+00
+646.00E-06,+1.51875472E+00,+1.52471971E+00
+647.00E-06,+1.51889606E+00,+1.52471971E+00
+648.00E-06,+1.51870761E+00,+1.52476682E+00
+649.00E-06,+1.51873902E+00,+1.52479823E+00
+650.00E-06,+1.51878613E+00,+1.52479038E+00
+651.00E-06,+1.51884894E+00,+1.52472756E+00
+652.00E-06,+1.51884894E+00,+1.52469616E+00
+653.00E-06,+1.51894317E+00,+1.52467260E+00
+654.00E-06,+1.51878613E+00,+1.52466475E+00
+655.00E-06,+1.51881754E+00,+1.52453912E+00
+656.00E-06,+1.51884894E+00,+1.52428001E+00
+657.00E-06,+1.51873902E+00,+1.52425646E+00
+658.00E-06,+1.51878613E+00,+1.52412298E+00
+659.00E-06,+1.51873902E+00,+1.52402090E+00
+660.00E-06,+1.51880183E+00,+1.52395809E+00
+661.00E-06,+1.51883324E+00,+1.52393453E+00
+662.00E-06,+1.51888035E+00,+1.52387957E+00
+663.00E-06,+1.51881754E+00,+1.52378535E+00
+664.00E-06,+1.51884894E+00,+1.52366758E+00
+665.00E-06,+1.51897457E+00,+1.52343987E+00
+666.00E-06,+1.51886465E+00,+1.52325928E+00
+667.00E-06,+1.51883324E+00,+1.52311010E+00
+668.00E-06,+1.51883324E+00,+1.52313366E+00
+669.00E-06,+1.51881754E+00,+1.52285099E+00
+670.00E-06,+1.51880183E+00,+1.52267825E+00
+671.00E-06,+1.51877043E+00,+1.52266255E+00
+672.00E-06,+1.51888035E+00,+1.52259974E+00
+673.00E-06,+1.51880183E+00,+1.52265470E+00
+674.00E-06,+1.51873902E+00,+1.52263114E+00
+675.00E-06,+1.51888035E+00,+1.52253692E+00
+676.00E-06,+1.51880183E+00,+1.52245840E+00
+677.00E-06,+1.51888035E+00,+1.52223856E+00
+678.00E-06,+1.51875472E+00,+1.52220715E+00
+679.00E-06,+1.51886465E+00,+1.52213648E+00
+680.00E-06,+1.51888035E+00,+1.52211293E+00
+681.00E-06,+1.51880183E+00,+1.52201871E+00
+682.00E-06,+1.51886465E+00,+1.52188523E+00
+683.00E-06,+1.51891176E+00,+1.52152405E+00
+684.00E-06,+1.51895887E+00,+1.52150049E+00
+685.00E-06,+1.51889606E+00,+1.52142197E+00
+686.00E-06,+1.51884894E+00,+1.52136701E+00
+687.00E-06,+1.51889606E+00,+1.52131990E+00
+688.00E-06,+1.51884894E+00,+1.52080168E+00
+689.00E-06,+1.51884894E+00,+1.52050332E+00
+690.00E-06,+1.51889606E+00,+1.52038554E+00
+691.00E-06,+1.51899028E+00,+1.52052687E+00
+692.00E-06,+1.51888035E+00,+1.52047191E+00
+693.00E-06,+1.51903739E+00,+1.52036984E+00
+694.00E-06,+1.51884894E+00,+1.52025206E+00
+695.00E-06,+1.51884894E+00,+1.52022850E+00
+696.00E-06,+1.51878613E+00,+1.52018925E+00
+697.00E-06,+1.51878613E+00,+1.52014214E+00
+698.00E-06,+1.51886465E+00,+1.52000080E+00
+699.00E-06,+1.51888035E+00,+1.52001651E+00
+700.00E-06,+1.51883324E+00,+1.52007932E+00
+701.00E-06,+1.51889606E+00,+1.52004791E+00
+702.00E-06,+1.51883324E+00,+1.51975740E+00
+703.00E-06,+1.51886465E+00,+1.51933340E+00
+704.00E-06,+1.51881754E+00,+1.51904289E+00
+705.00E-06,+1.51881754E+00,+1.51901148E+00
+706.00E-06,+1.51881754E+00,+1.51897222E+00
+707.00E-06,+1.51872332E+00,+1.51901148E+00
+708.00E-06,+1.51872332E+00,+1.51912926E+00
+709.00E-06,+1.51888035E+00,+1.51913711E+00
+710.00E-06,+1.51878613E+00,+1.51916852E+00
+711.00E-06,+1.51878613E+00,+1.51921563E+00
+712.00E-06,+1.51905309E+00,+1.51922348E+00
+713.00E-06,+1.51881754E+00,+1.51917637E+00
+714.00E-06,+1.51886465E+00,+1.51896437E+00
+715.00E-06,+1.51884894E+00,+1.51868171E+00
+716.00E-06,+1.51883324E+00,+1.51866600E+00
+717.00E-06,+1.51870761E+00,+1.51872882E+00
+718.00E-06,+1.51888035E+00,+1.51873667E+00
+719.00E-06,+1.51892746E+00,+1.51873667E+00
+720.00E-06,+1.51881754E+00,+1.51850112E+00
+721.00E-06,+1.51884894E+00,+1.51841475E+00
+722.00E-06,+1.51878613E+00,+1.51850897E+00
+723.00E-06,+1.51875472E+00,+1.51857964E+00
+724.00E-06,+1.51886465E+00,+1.51859534E+00
+725.00E-06,+1.51880183E+00,+1.51868956E+00
+726.00E-06,+1.51872332E+00,+1.51873667E+00
+727.00E-06,+1.51872332E+00,+1.51871312E+00
+728.00E-06,+1.51884894E+00,+1.51884660E+00
+729.00E-06,+1.51875472E+00,+1.51887015E+00
+730.00E-06,+1.51883324E+00,+1.51887800E+00
+731.00E-06,+1.51880183E+00,+1.51901148E+00
+732.00E-06,+1.51892746E+00,+1.51887800E+00
+733.00E-06,+1.51881754E+00,+1.51873667E+00
+734.00E-06,+1.51881754E+00,+1.51871312E+00
+735.00E-06,+1.51878613E+00,+1.51879163E+00
+736.00E-06,+1.51873902E+00,+1.51891726E+00
+737.00E-06,+1.51878613E+00,+1.51904289E+00
+738.00E-06,+1.51883324E+00,+1.51912926E+00
+739.00E-06,+1.51872332E+00,+1.51919992E+00
+740.00E-06,+1.51888035E+00,+1.51921563E+00
+741.00E-06,+1.51884894E+00,+1.51907430E+00
+742.00E-06,+1.51891176E+00,+1.51918422E+00
+743.00E-06,+1.51878613E+00,+1.51927059E+00
+744.00E-06,+1.51883324E+00,+1.51927059E+00
+745.00E-06,+1.51892746E+00,+1.51938051E+00
+746.00E-06,+1.51875472E+00,+1.51942763E+00
+747.00E-06,+1.51878613E+00,+1.51956896E+00
+748.00E-06,+1.51875472E+00,+1.51960036E+00
+749.00E-06,+1.51878613E+00,+1.51960036E+00
+750.00E-06,+1.51877043E+00,+1.51939622E+00
+751.00E-06,+1.51883324E+00,+1.51938051E+00
+752.00E-06,+1.51888035E+00,+1.51947474E+00
+753.00E-06,+1.51881754E+00,+1.51955325E+00
+754.00E-06,+1.51889606E+00,+1.51971029E+00
+755.00E-06,+1.51870761E+00,+1.51988303E+00
+756.00E-06,+1.51873902E+00,+1.51989088E+00
+757.00E-06,+1.51869191E+00,+1.51994584E+00
+758.00E-06,+1.51856628E+00,+1.51996155E+00
+759.00E-06,+1.51873902E+00,+1.51990658E+00
+760.00E-06,+1.51875472E+00,+1.51997725E+00
+761.00E-06,+1.51872332E+00,+1.52008717E+00
+762.00E-06,+1.51889606E+00,+1.52022065E+00
+763.00E-06,+1.51877043E+00,+1.52040124E+00
+764.00E-06,+1.51884894E+00,+1.52050332E+00
+765.00E-06,+1.51883324E+00,+1.52059754E+00
+766.00E-06,+1.51866050E+00,+1.52065250E+00
+767.00E-06,+1.51873902E+00,+1.52058969E+00
+768.00E-06,+1.51884894E+00,+1.52051902E+00
+769.00E-06,+1.51884894E+00,+1.52048761E+00
+770.00E-06,+1.51884894E+00,+1.52018925E+00
+771.00E-06,+1.51884894E+00,+1.52027562E+00
+772.00E-06,+1.51897457E+00,+1.52041695E+00
+773.00E-06,+1.51880183E+00,+1.52053472E+00
+774.00E-06,+1.51884894E+00,+1.52073887E+00
+775.00E-06,+1.51866050E+00,+1.52077028E+00
+776.00E-06,+1.51869191E+00,+1.52024421E+00
+777.00E-06,+1.51880183E+00,+1.52013428E+00
+778.00E-06,+1.51878613E+00,+1.52007932E+00
+779.00E-06,+1.51881754E+00,+1.52023636E+00
+780.00E-06,+1.51883324E+00,+1.52042480E+00
+781.00E-06,+1.51883324E+00,+1.52057398E+00
+782.00E-06,+1.51886465E+00,+1.52066820E+00
+783.00E-06,+1.51884894E+00,+1.52083309E+00
+784.00E-06,+1.51872332E+00,+1.52109220E+00
+785.00E-06,+1.51875472E+00,+1.52106864E+00
+786.00E-06,+1.51884894E+00,+1.52126494E+00
+787.00E-06,+1.51881754E+00,+1.52136701E+00
+788.00E-06,+1.51881754E+00,+1.52142982E+00
+789.00E-06,+1.51881754E+00,+1.52124923E+00
+790.00E-06,+1.51881754E+00,+1.52142982E+00
+791.00E-06,+1.51892746E+00,+1.52154760E+00
+792.00E-06,+1.51875472E+00,+1.52154760E+00
+793.00E-06,+1.51877043E+00,+1.52162612E+00
+794.00E-06,+1.51873902E+00,+1.52165752E+00
+795.00E-06,+1.51867621E+00,+1.52179100E+00
+796.00E-06,+1.51870761E+00,+1.52186952E+00
+797.00E-06,+1.51867621E+00,+1.52186952E+00
+798.00E-06,+1.51878613E+00,+1.52194804E+00
+799.00E-06,+1.51886465E+00,+1.52187737E+00
+800.00E-06,+1.51869191E+00,+1.52191663E+00
+801.00E-06,+1.51872332E+00,+1.52195589E+00
+802.00E-06,+1.51880183E+00,+1.52205796E+00
+803.00E-06,+1.51881754E+00,+1.52216004E+00
+804.00E-06,+1.51878613E+00,+1.52197945E+00
+805.00E-06,+1.51867621E+00,+1.52195589E+00
+806.00E-06,+1.51867621E+00,+1.52194804E+00
+807.00E-06,+1.51869191E+00,+1.52203441E+00
+808.00E-06,+1.51875472E+00,+1.52216789E+00
+809.00E-06,+1.51878613E+00,+1.52217574E+00
+810.00E-06,+1.51881754E+00,+1.52227781E+00
+811.00E-06,+1.51880183E+00,+1.52241915E+00
+812.00E-06,+1.51892746E+00,+1.52241915E+00
+813.00E-06,+1.51883324E+00,+1.52212863E+00
+814.00E-06,+1.51870761E+00,+1.52206582E+00
+815.00E-06,+1.51869191E+00,+1.52225426E+00
+816.00E-06,+1.51884894E+00,+1.52224641E+00
+817.00E-06,+1.51878613E+00,+1.52234063E+00
+818.00E-06,+1.51878613E+00,+1.52227781E+00
+819.00E-06,+1.51877043E+00,+1.52226996E+00
+820.00E-06,+1.51872332E+00,+1.52221500E+00
+821.00E-06,+1.51888035E+00,+1.52224641E+00
+822.00E-06,+1.51877043E+00,+1.52224641E+00
+823.00E-06,+1.51884894E+00,+1.52230922E+00
+824.00E-06,+1.51869191E+00,+1.52226211E+00
+825.00E-06,+1.51869191E+00,+1.52237989E+00
+826.00E-06,+1.51873902E+00,+1.52248981E+00
+827.00E-06,+1.51877043E+00,+1.52252122E+00
+828.00E-06,+1.51875472E+00,+1.52255263E+00
+829.00E-06,+1.51883324E+00,+1.52253692E+00
+830.00E-06,+1.51895887E+00,+1.52245840E+00
+831.00E-06,+1.51883324E+00,+1.52242700E+00
+832.00E-06,+1.51869191E+00,+1.52228567E+00
+833.00E-06,+1.51875472E+00,+1.52232492E+00
+834.00E-06,+1.51869191E+00,+1.52225426E+00
+835.00E-06,+1.51875472E+00,+1.52226996E+00
+836.00E-06,+1.51878613E+00,+1.52221500E+00
+837.00E-06,+1.51884894E+00,+1.52180671E+00
+838.00E-06,+1.51872332E+00,+1.52175960E+00
+839.00E-06,+1.51880183E+00,+1.52179100E+00
+840.00E-06,+1.51873902E+00,+1.52191663E+00
+841.00E-06,+1.51881754E+00,+1.52188523E+00
+842.00E-06,+1.51875472E+00,+1.52190093E+00
+843.00E-06,+1.51880183E+00,+1.52184597E+00
+844.00E-06,+1.51870761E+00,+1.52163397E+00
+845.00E-06,+1.51867621E+00,+1.52124923E+00
+846.00E-06,+1.51877043E+00,+1.52139842E+00
+847.00E-06,+1.51870761E+00,+1.52140627E+00
+848.00E-06,+1.51877043E+00,+1.52137486E+00
+849.00E-06,+1.51870761E+00,+1.52135131E+00
+850.00E-06,+1.51877043E+00,+1.52150049E+00
+851.00E-06,+1.51877043E+00,+1.52152405E+00
+852.00E-06,+1.51870761E+00,+1.52155545E+00
+853.00E-06,+1.51878613E+00,+1.52142982E+00
+854.00E-06,+1.51875472E+00,+1.52157116E+00
+855.00E-06,+1.51856628E+00,+1.52136701E+00
+856.00E-06,+1.51873902E+00,+1.52114716E+00
+857.00E-06,+1.51884894E+00,+1.52121783E+00
+858.00E-06,+1.51869191E+00,+1.52124138E+00
+859.00E-06,+1.51880183E+00,+1.52113931E+00
+860.00E-06,+1.51877043E+00,+1.52119427E+00
+861.00E-06,+1.51878613E+00,+1.52127279E+00
+862.00E-06,+1.51878613E+00,+1.52124923E+00
+863.00E-06,+1.51873902E+00,+1.52131205E+00
+864.00E-06,+1.51873902E+00,+1.52130420E+00
+865.00E-06,+1.51870761E+00,+1.52139842E+00
+866.00E-06,+1.51869191E+00,+1.52139057E+00
+867.00E-06,+1.51866050E+00,+1.52135916E+00
+868.00E-06,+1.51877043E+00,+1.52121783E+00
+869.00E-06,+1.51880183E+00,+1.52117857E+00
+870.00E-06,+1.51869191E+00,+1.52119427E+00
+871.00E-06,+1.51883324E+00,+1.52106864E+00
+872.00E-06,+1.51877043E+00,+1.52102938E+00
+873.00E-06,+1.51873902E+00,+1.52091161E+00
+874.00E-06,+1.51872332E+00,+1.52101368E+00
+875.00E-06,+1.51861339E+00,+1.52102938E+00
+876.00E-06,+1.51862910E+00,+1.52099798E+00
+877.00E-06,+1.51870761E+00,+1.52108435E+00
+878.00E-06,+1.51870761E+00,+1.52111575E+00
+879.00E-06,+1.51875472E+00,+1.52110005E+00
+880.00E-06,+1.51883324E+00,+1.52111575E+00
+881.00E-06,+1.51886465E+00,+1.52110790E+00
+882.00E-06,+1.51870761E+00,+1.52095087E+00
+883.00E-06,+1.51881754E+00,+1.52072317E+00
+884.00E-06,+1.51877043E+00,+1.52051117E+00
+885.00E-06,+1.51869191E+00,+1.52019710E+00
+886.00E-06,+1.51873902E+00,+1.52013428E+00
+887.00E-06,+1.51875472E+00,+1.52029132E+00
+888.00E-06,+1.51878613E+00,+1.52029132E+00
+889.00E-06,+1.51873902E+00,+1.52033843E+00
+890.00E-06,+1.51877043E+00,+1.52046406E+00
+891.00E-06,+1.51870761E+00,+1.52051117E+00
+892.00E-06,+1.51881754E+00,+1.52036984E+00
+893.00E-06,+1.51875472E+00,+1.52035413E+00
+894.00E-06,+1.51872332E+00,+1.52052687E+00
+895.00E-06,+1.51875472E+00,+1.52045621E+00
+896.00E-06,+1.51881754E+00,+1.52047976E+00
+897.00E-06,+1.51866050E+00,+1.52047191E+00
+898.00E-06,+1.51873902E+00,+1.52051902E+00
+899.00E-06,+1.51884894E+00,+1.52058183E+00
+900.00E-06,+1.51881754E+00,+1.52054258E+00
+901.00E-06,+1.51878613E+00,+1.52051902E+00
+902.00E-06,+1.51873902E+00,+1.52057398E+00
+903.00E-06,+1.51869191E+00,+1.52055043E+00
+904.00E-06,+1.51880183E+00,+1.52066035E+00
+905.00E-06,+1.51864480E+00,+1.52040910E+00
+906.00E-06,+1.51877043E+00,+1.52044050E+00
+907.00E-06,+1.51875472E+00,+1.52013428E+00
+908.00E-06,+1.51875472E+00,+1.51984377E+00
+909.00E-06,+1.51873902E+00,+1.51981236E+00
+910.00E-06,+1.51883324E+00,+1.51987518E+00
+911.00E-06,+1.51875472E+00,+1.52007147E+00
+912.00E-06,+1.51878613E+00,+1.52018139E+00
+913.00E-06,+1.51873902E+00,+1.52010288E+00
+914.00E-06,+1.51867621E+00,+1.52010288E+00
+915.00E-06,+1.51877043E+00,+1.51975740E+00
+916.00E-06,+1.51872332E+00,+1.51947474E+00
+917.00E-06,+1.51883324E+00,+1.51955325E+00
+918.00E-06,+1.51886465E+00,+1.51971814E+00
+919.00E-06,+1.51888035E+00,+1.51987518E+00
+920.00E-06,+1.51881754E+00,+1.51994584E+00
+921.00E-06,+1.51884894E+00,+1.52010288E+00
+922.00E-06,+1.51875472E+00,+1.52022065E+00
+923.00E-06,+1.51877043E+00,+1.52020495E+00
+924.00E-06,+1.51873902E+00,+1.52025206E+00
+925.00E-06,+1.51869191E+00,+1.52018139E+00
+926.00E-06,+1.51873902E+00,+1.52004791E+00
+927.00E-06,+1.51888035E+00,+1.52011073E+00
+928.00E-06,+1.51880183E+00,+1.52012643E+00
+929.00E-06,+1.51877043E+00,+1.52024421E+00
+930.00E-06,+1.51877043E+00,+1.52036984E+00
+931.00E-06,+1.51880183E+00,+1.52036984E+00
+932.00E-06,+1.51869191E+00,+1.52043265E+00
+933.00E-06,+1.51872332E+00,+1.52046406E+00
+934.00E-06,+1.51881754E+00,+1.52054258E+00
+935.00E-06,+1.51873902E+00,+1.52055828E+00
+936.00E-06,+1.51877043E+00,+1.52053472E+00
+937.00E-06,+1.51878613E+00,+1.52038554E+00
+938.00E-06,+1.51886465E+00,+1.52033843E+00
+939.00E-06,+1.51875472E+00,+1.52027562E+00
+940.00E-06,+1.51881754E+00,+1.52023636E+00
+941.00E-06,+1.51875472E+00,+1.52022065E+00
+942.00E-06,+1.51873902E+00,+1.52049546E+00
+943.00E-06,+1.51859769E+00,+1.52055043E+00
+944.00E-06,+1.51877043E+00,+1.52059754E+00
+945.00E-06,+1.51869191E+00,+1.52070746E+00
+946.00E-06,+1.51878613E+00,+1.52057398E+00
+947.00E-06,+1.51870761E+00,+1.52070746E+00
+948.00E-06,+1.51869191E+00,+1.52068391E+00
+949.00E-06,+1.51880183E+00,+1.52069176E+00
+950.00E-06,+1.51891176E+00,+1.52073887E+00
+951.00E-06,+1.51881754E+00,+1.52079383E+00
+952.00E-06,+1.51875472E+00,+1.52087235E+00
+953.00E-06,+1.51877043E+00,+1.52071531E+00
+954.00E-06,+1.51873902E+00,+1.52082524E+00
+955.00E-06,+1.51870761E+00,+1.52098227E+00
+956.00E-06,+1.51883324E+00,+1.52071531E+00
+957.00E-06,+1.51875472E+00,+1.52066035E+00
+958.00E-06,+1.51891176E+00,+1.52084094E+00
+959.00E-06,+1.51878613E+00,+1.52091161E+00
+960.00E-06,+1.51892746E+00,+1.52088805E+00
+961.00E-06,+1.51869191E+00,+1.52097442E+00
+962.00E-06,+1.51888035E+00,+1.52109220E+00
+963.00E-06,+1.51870761E+00,+1.52117857E+00
+964.00E-06,+1.51872332E+00,+1.52120212E+00
+965.00E-06,+1.51877043E+00,+1.52119427E+00
+966.00E-06,+1.51866050E+00,+1.52120212E+00
+967.00E-06,+1.51878613E+00,+1.52126494E+00
+968.00E-06,+1.51875472E+00,+1.52125709E+00
+969.00E-06,+1.51878613E+00,+1.52150834E+00
+970.00E-06,+1.51878613E+00,+1.52155545E+00
+971.00E-06,+1.51872332E+00,+1.52137486E+00
+972.00E-06,+1.51872332E+00,+1.52105294E+00
+973.00E-06,+1.51866050E+00,+1.52099013E+00
+974.00E-06,+1.51869191E+00,+1.52110790E+00
+975.00E-06,+1.51875472E+00,+1.52107649E+00
+976.00E-06,+1.51888035E+00,+1.52112361E+00
+977.00E-06,+1.51873902E+00,+1.52120212E+00
+978.00E-06,+1.51884894E+00,+1.52117072E+00
+979.00E-06,+1.51870761E+00,+1.52115501E+00
+980.00E-06,+1.51877043E+00,+1.52120212E+00
+981.00E-06,+1.51877043E+00,+1.52133560E+00
+982.00E-06,+1.51864480E+00,+1.52094301E+00
+983.00E-06,+1.51859769E+00,+1.52075457E+00
+984.00E-06,+1.51862910E+00,+1.52078598E+00
+985.00E-06,+1.51862910E+00,+1.52083309E+00
+986.00E-06,+1.51881754E+00,+1.52085665E+00
+987.00E-06,+1.51867621E+00,+1.52094301E+00
+988.00E-06,+1.51870761E+00,+1.52112361E+00
+989.00E-06,+1.51869191E+00,+1.52113931E+00
+990.00E-06,+1.51875472E+00,+1.52128064E+00
+991.00E-06,+1.51878613E+00,+1.52113146E+00
+992.00E-06,+1.51867621E+00,+1.52117072E+00
+993.00E-06,+1.51880183E+00,+1.52128064E+00
+994.00E-06,+1.51869191E+00,+1.52134345E+00
+995.00E-06,+1.51870761E+00,+1.52143768E+00
+996.00E-06,+1.51872332E+00,+1.52137486E+00
+997.00E-06,+1.51869191E+00,+1.52139057E+00
+998.00E-06,+1.51875472E+00,+1.52131205E+00
+999.00E-06,+1.51873902E+00,+1.52135916E+00
+1.00000E-03,+1.51881754E+00,+1.52139057E+00
+1.00100E-03,+1.51873902E+00,+1.52152405E+00
+1.00200E-03,+1.51862910E+00,+1.52156330E+00
+1.00300E-03,+1.51867621E+00,+1.52157116E+00
+1.00400E-03,+1.51862910E+00,+1.52139057E+00
+1.00500E-03,+1.51867621E+00,+1.52123353E+00
+1.00600E-03,+1.51862910E+00,+1.52123353E+00
+1.00700E-03,+1.51867621E+00,+1.52122568E+00
+1.00800E-03,+1.51880183E+00,+1.52127279E+00
+1.00900E-03,+1.51883324E+00,+1.52131990E+00
+1.01000E-03,+1.51866050E+00,+1.52146123E+00
+1.01100E-03,+1.51870761E+00,+1.52142982E+00
+1.01200E-03,+1.51872332E+00,+1.52146123E+00
+1.01300E-03,+1.51866050E+00,+1.52144553E+00
+1.01400E-03,+1.51870761E+00,+1.52131990E+00
+1.01500E-03,+1.51873902E+00,+1.52121783E+00
+1.01600E-03,+1.51866050E+00,+1.52123353E+00
+1.01700E-03,+1.51869191E+00,+1.52123353E+00
+1.01800E-03,+1.51878613E+00,+1.52124138E+00
+1.01900E-03,+1.51880183E+00,+1.52130420E+00
+1.02000E-03,+1.51873902E+00,+1.52131205E+00
+1.02100E-03,+1.51867621E+00,+1.52137486E+00
+1.02200E-03,+1.51866050E+00,+1.52142982E+00
+1.02300E-03,+1.51856628E+00,+1.52148479E+00
+1.02400E-03,+1.51856628E+00,+1.52142982E+00
+1.02500E-03,+1.51875472E+00,+1.52143768E+00
+1.02600E-03,+1.51875472E+00,+1.52150049E+00
+1.02700E-03,+1.51866050E+00,+1.52150049E+00
+1.02800E-03,+1.51870761E+00,+1.52150834E+00
+1.02900E-03,+1.51864480E+00,+1.52153975E+00
+1.03000E-03,+1.51875472E+00,+1.52163397E+00
+1.03100E-03,+1.51877043E+00,+1.52167323E+00
+1.03200E-03,+1.51872332E+00,+1.52164967E+00
+1.03300E-03,+1.51859769E+00,+1.52164967E+00
+1.03400E-03,+1.51862910E+00,+1.52168893E+00
+1.03500E-03,+1.51872332E+00,+1.52138271E+00
+1.03600E-03,+1.51878613E+00,+1.52119427E+00
+1.03700E-03,+1.51875472E+00,+1.52115501E+00
+1.03800E-03,+1.51872332E+00,+1.52115501E+00
+1.03900E-03,+1.51872332E+00,+1.52124138E+00
+1.04000E-03,+1.51861339E+00,+1.52127279E+00
+1.04100E-03,+1.51872332E+00,+1.52137486E+00
+1.04200E-03,+1.51872332E+00,+1.52141412E+00
+1.04300E-03,+1.51862910E+00,+1.52128064E+00
+1.04400E-03,+1.51877043E+00,+1.52120997E+00
+1.04500E-03,+1.51877043E+00,+1.52120212E+00
+1.04600E-03,+1.51872332E+00,+1.52124923E+00
+1.04700E-03,+1.51872332E+00,+1.52111575E+00
+1.04800E-03,+1.51869191E+00,+1.52086450E+00
+1.04900E-03,+1.51877043E+00,+1.52097442E+00
+1.05000E-03,+1.51870761E+00,+1.52098227E+00
+1.05100E-03,+1.51867621E+00,+1.52097442E+00
+1.05200E-03,+1.51867621E+00,+1.52069961E+00
+1.05300E-03,+1.51858198E+00,+1.52044050E+00
+1.05400E-03,+1.51864480E+00,+1.52045621E+00
+1.05500E-03,+1.51877043E+00,+1.52052687E+00
+1.05600E-03,+1.51878613E+00,+1.52047976E+00
+1.05700E-03,+1.51880183E+00,+1.52062894E+00
+1.05800E-03,+1.51877043E+00,+1.52071531E+00
+1.05900E-03,+1.51877043E+00,+1.52045621E+00
+1.06000E-03,+1.51873902E+00,+1.52044050E+00
+1.06100E-03,+1.51873902E+00,+1.52033843E+00
+1.06200E-03,+1.51867621E+00,+1.52045621E+00
+1.06300E-03,+1.51864480E+00,+1.52042480E+00
+1.06400E-03,+1.51856628E+00,+1.52055043E+00
+1.06500E-03,+1.51877043E+00,+1.52065250E+00
+1.06600E-03,+1.51873902E+00,+1.52070746E+00
+1.06700E-03,+1.51870761E+00,+1.52073102E+00
+1.06800E-03,+1.51880183E+00,+1.52085665E+00
+1.06900E-03,+1.51872332E+00,+1.52080953E+00
+1.07000E-03,+1.51872332E+00,+1.52086450E+00
+1.07100E-03,+1.51877043E+00,+1.52083309E+00
+1.07200E-03,+1.51859769E+00,+1.52097442E+00
+1.07300E-03,+1.51870761E+00,+1.52080953E+00
+1.07400E-03,+1.51867621E+00,+1.52072317E+00
+1.07500E-03,+1.51866050E+00,+1.52056613E+00
+1.07600E-03,+1.51866050E+00,+1.52069176E+00
+1.07700E-03,+1.51880183E+00,+1.52062109E+00
+1.07800E-03,+1.51873902E+00,+1.52061324E+00
+1.07900E-03,+1.51881754E+00,+1.52062109E+00
+1.08000E-03,+1.51872332E+00,+1.52055828E+00
+1.08100E-03,+1.51877043E+00,+1.52052687E+00
+1.08200E-03,+1.51867621E+00,+1.52051117E+00
+1.08300E-03,+1.51864480E+00,+1.52058183E+00
+1.08400E-03,+1.51858198E+00,+1.52069176E+00
+1.08500E-03,+1.51862910E+00,+1.52084879E+00
+1.08600E-03,+1.51864480E+00,+1.52089590E+00
+1.08700E-03,+1.51866050E+00,+1.52084094E+00
+1.08800E-03,+1.51875472E+00,+1.52095087E+00
+1.08900E-03,+1.51866050E+00,+1.52099013E+00
+1.09000E-03,+1.51873902E+00,+1.52101368E+00
+1.09100E-03,+1.51867621E+00,+1.52095087E+00
+1.09200E-03,+1.51862910E+00,+1.52101368E+00
+1.09300E-03,+1.51855058E+00,+1.52106079E+00
+1.09400E-03,+1.51873902E+00,+1.52107649E+00
+1.09500E-03,+1.51878613E+00,+1.52113146E+00
+1.09600E-03,+1.51875472E+00,+1.52099013E+00
+1.09700E-03,+1.51870761E+00,+1.52095087E+00
+1.09800E-03,+1.51869191E+00,+1.52095872E+00
+1.09900E-03,+1.51873902E+00,+1.52085665E+00
+1.10000E-03,+1.51867621E+00,+1.52092731E+00
+1.10100E-03,+1.51867621E+00,+1.52094301E+00
+1.10200E-03,+1.51870761E+00,+1.52092731E+00
+1.10300E-03,+1.51861339E+00,+1.52096657E+00
+1.10400E-03,+1.51872332E+00,+1.52064465E+00
+1.10500E-03,+1.51869191E+00,+1.52070746E+00
+1.10600E-03,+1.51862910E+00,+1.52078598E+00
+1.10700E-03,+1.51864480E+00,+1.52078598E+00
+1.10800E-03,+1.51869191E+00,+1.52082524E+00
+1.10900E-03,+1.51873902E+00,+1.52089590E+00
+1.11000E-03,+1.51856628E+00,+1.52098227E+00
+1.11100E-03,+1.51867621E+00,+1.52093516E+00
+1.11200E-03,+1.51870761E+00,+1.52088020E+00
+1.11300E-03,+1.51861339E+00,+1.52082524E+00
+1.11400E-03,+1.51869191E+00,+1.52084879E+00
+1.11500E-03,+1.51870761E+00,+1.52095872E+00
+1.11600E-03,+1.51869191E+00,+1.52088805E+00
+1.11700E-03,+1.51870761E+00,+1.52098227E+00
+1.11800E-03,+1.51878613E+00,+1.52106864E+00
+1.11900E-03,+1.51875472E+00,+1.52103724E+00
+1.12000E-03,+1.51861339E+00,+1.52113146E+00
+1.12100E-03,+1.51866050E+00,+1.52075457E+00
+1.12200E-03,+1.51859769E+00,+1.52073102E+00
+1.12300E-03,+1.51864480E+00,+1.52077813E+00
+1.12400E-03,+1.51864480E+00,+1.52082524E+00
+1.12500E-03,+1.51867621E+00,+1.52059754E+00
+1.12600E-03,+1.51862910E+00,+1.52040124E+00
+1.12700E-03,+1.51886465E+00,+1.52023636E+00
+1.12800E-03,+1.51878613E+00,+1.52009502E+00
+1.12900E-03,+1.51867621E+00,+1.51999295E+00
+1.13000E-03,+1.51866050E+00,+1.52006362E+00
+1.13100E-03,+1.51867621E+00,+1.52018925E+00
+1.13200E-03,+1.51862910E+00,+1.52029132E+00
+1.13300E-03,+1.51864480E+00,+1.52047976E+00
+1.13400E-03,+1.51875472E+00,+1.52058183E+00
+1.13500E-03,+1.51864480E+00,+1.52064465E+00
+1.13600E-03,+1.51867621E+00,+1.52065250E+00
+1.13700E-03,+1.51880183E+00,+1.52080953E+00
+1.13800E-03,+1.51875472E+00,+1.52073887E+00
+1.13900E-03,+1.51866050E+00,+1.52080168E+00
+1.14000E-03,+1.51877043E+00,+1.52087235E+00
+1.14100E-03,+1.51867621E+00,+1.52092731E+00
+1.14200E-03,+1.51870761E+00,+1.52102153E+00
+1.14300E-03,+1.51878613E+00,+1.52102938E+00
+1.14400E-03,+1.51880183E+00,+1.52106079E+00
+1.14500E-03,+1.51864480E+00,+1.52112361E+00
+1.14600E-03,+1.51877043E+00,+1.52103724E+00
+1.14700E-03,+1.51866050E+00,+1.52099798E+00
+1.14800E-03,+1.51873902E+00,+1.52081739E+00
+1.14900E-03,+1.51862910E+00,+1.52061324E+00
+1.15000E-03,+1.51864480E+00,+1.52058183E+00
+1.15100E-03,+1.51855058E+00,+1.52057398E+00
+1.15200E-03,+1.51859769E+00,+1.52072317E+00
+1.15300E-03,+1.51873902E+00,+1.52084094E+00
+1.15400E-03,+1.51867621E+00,+1.52087235E+00
+1.15500E-03,+1.51869191E+00,+1.52092731E+00
+1.15600E-03,+1.51872332E+00,+1.52087235E+00
+1.15700E-03,+1.51873902E+00,+1.52102938E+00
+1.15800E-03,+1.51869191E+00,+1.52096657E+00
+1.15900E-03,+1.51866050E+00,+1.52106079E+00
+1.16000E-03,+1.51856628E+00,+1.52106079E+00
+1.16100E-03,+1.51856628E+00,+1.52115501E+00
+1.16200E-03,+1.51855058E+00,+1.52125709E+00
+1.16300E-03,+1.51856628E+00,+1.52120997E+00
+1.16400E-03,+1.51862910E+00,+1.52117072E+00
+1.16500E-03,+1.51859769E+00,+1.52130420E+00
+1.16600E-03,+1.51869191E+00,+1.52128064E+00
+1.16700E-03,+1.51861339E+00,+1.52131990E+00
+1.16800E-03,+1.51862910E+00,+1.52139842E+00
+1.16900E-03,+1.51862910E+00,+1.52131205E+00
+1.17000E-03,+1.51861339E+00,+1.52136701E+00
+1.17100E-03,+1.51866050E+00,+1.52133560E+00
+1.17200E-03,+1.51864480E+00,+1.52139057E+00
+1.17300E-03,+1.51856628E+00,+1.52149264E+00
+1.17400E-03,+1.51872332E+00,+1.52134345E+00
+1.17500E-03,+1.51861339E+00,+1.52120212E+00
+1.17600E-03,+1.51877043E+00,+1.52126494E+00
+1.17700E-03,+1.51870761E+00,+1.52136701E+00
+1.17800E-03,+1.51880183E+00,+1.52139057E+00
+1.17900E-03,+1.51859769E+00,+1.52131990E+00
+1.18000E-03,+1.51859769E+00,+1.52133560E+00
+1.18100E-03,+1.51856628E+00,+1.52134345E+00
+1.18200E-03,+1.51867621E+00,+1.52131990E+00
+1.18300E-03,+1.51861339E+00,+1.52150834E+00
+1.18400E-03,+1.51869191E+00,+1.52142982E+00
+1.18500E-03,+1.51861339E+00,+1.52153975E+00
+1.18600E-03,+1.51872332E+00,+1.52158686E+00
+1.18700E-03,+1.51873902E+00,+1.52138271E+00
+1.18800E-03,+1.51866050E+00,+1.52106079E+00
+1.18900E-03,+1.51856628E+00,+1.52062109E+00
+1.19000E-03,+1.51861339E+00,+1.52037769E+00
+1.19100E-03,+1.51866050E+00,+1.52050332E+00
+1.19200E-03,+1.51851917E+00,+1.52072317E+00
+1.19300E-03,+1.51856628E+00,+1.52060539E+00
+1.19400E-03,+1.51859769E+00,+1.52061324E+00
+1.19500E-03,+1.51869191E+00,+1.52043265E+00
+1.19600E-03,+1.51859769E+00,+1.52047191E+00
+1.19700E-03,+1.51866050E+00,+1.52047191E+00
+1.19800E-03,+1.51867621E+00,+1.52062109E+00
+1.19900E-03,+1.51864480E+00,+1.52062894E+00
+1.20000E-03,+1.51864480E+00,+1.52076242E+00
+1.20100E-03,+1.51850347E+00,+1.52088805E+00
+1.20200E-03,+1.51861339E+00,+1.52100583E+00
+1.20300E-03,+1.51861339E+00,+1.52099013E+00
+1.20400E-03,+1.51866050E+00,+1.52107649E+00
+1.20500E-03,+1.51862910E+00,+1.52112361E+00
+1.20600E-03,+1.51869191E+00,+1.52112361E+00
+1.20700E-03,+1.51866050E+00,+1.52117857E+00
+1.20800E-03,+1.51878613E+00,+1.52128849E+00
+1.20900E-03,+1.51872332E+00,+1.52123353E+00
+1.21000E-03,+1.51866050E+00,+1.52126494E+00
+1.21100E-03,+1.51862910E+00,+1.52128849E+00
+1.21200E-03,+1.51862910E+00,+1.52133560E+00
+1.21300E-03,+1.51866050E+00,+1.52130420E+00
+1.21400E-03,+1.51866050E+00,+1.52120997E+00
+1.21500E-03,+1.51872332E+00,+1.52116286E+00
+1.21600E-03,+1.51873902E+00,+1.52120212E+00
+1.21700E-03,+1.51867621E+00,+1.52109220E+00
+1.21800E-03,+1.51872332E+00,+1.52099798E+00
+1.21900E-03,+1.51869191E+00,+1.52056613E+00
+1.22000E-03,+1.51869191E+00,+1.52043265E+00
+1.22100E-03,+1.51848776E+00,+1.52050332E+00
+1.22200E-03,+1.51862910E+00,+1.52056613E+00
+1.22300E-03,+1.51867621E+00,+1.52062109E+00
+1.22400E-03,+1.51869191E+00,+1.52079383E+00
+1.22500E-03,+1.51862910E+00,+1.52084879E+00
+1.22600E-03,+1.51867621E+00,+1.52082524E+00
+1.22700E-03,+1.51862910E+00,+1.52084879E+00
+1.22800E-03,+1.51859769E+00,+1.52100583E+00
+1.22900E-03,+1.51856628E+00,+1.52090376E+00
+1.23000E-03,+1.51866050E+00,+1.52085665E+00
+1.23100E-03,+1.51875472E+00,+1.52085665E+00
+1.23200E-03,+1.51859769E+00,+1.52091161E+00
+1.23300E-03,+1.51861339E+00,+1.52093516E+00
+1.23400E-03,+1.51862910E+00,+1.52088805E+00
+1.23500E-03,+1.51873902E+00,+1.52104509E+00
+1.23600E-03,+1.51866050E+00,+1.52110790E+00
+1.23700E-03,+1.51870761E+00,+1.52108435E+00
+1.23800E-03,+1.51866050E+00,+1.52116286E+00
+1.23900E-03,+1.51861339E+00,+1.52117857E+00
+1.24000E-03,+1.51851917E+00,+1.52113931E+00
+1.24100E-03,+1.51859769E+00,+1.52118642E+00
+1.24200E-03,+1.51856628E+00,+1.52106079E+00
+1.24300E-03,+1.51861339E+00,+1.52077813E+00
+1.24400E-03,+1.51862910E+00,+1.52077813E+00
+1.24500E-03,+1.51870761E+00,+1.52083309E+00
+1.24600E-03,+1.51866050E+00,+1.52084094E+00
+1.24700E-03,+1.51878613E+00,+1.52085665E+00
+1.24800E-03,+1.51875472E+00,+1.52088020E+00
+1.24900E-03,+1.51875472E+00,+1.52080168E+00
+1.25000E-03,+1.51866050E+00,+1.52078598E+00
+1.25100E-03,+1.51856628E+00,+1.52084094E+00
+1.25200E-03,+1.51859769E+00,+1.52084879E+00
+1.25300E-03,+1.51855058E+00,+1.52076242E+00
+1.25400E-03,+1.51872332E+00,+1.52055043E+00
+1.25500E-03,+1.51858198E+00,+1.52048761E+00
+1.25600E-03,+1.51855058E+00,+1.52061324E+00
+1.25700E-03,+1.51870761E+00,+1.52038554E+00
+1.25800E-03,+1.51861339E+00,+1.52036984E+00
+1.25900E-03,+1.51862910E+00,+1.52036198E+00
+1.26000E-03,+1.51862910E+00,+1.52043265E+00
+1.26100E-03,+1.51862910E+00,+1.52055043E+00
+1.26200E-03,+1.51850347E+00,+1.52060539E+00
+1.26300E-03,+1.51861339E+00,+1.52064465E+00
+1.26400E-03,+1.51859769E+00,+1.52076242E+00
+1.26500E-03,+1.51862910E+00,+1.52084094E+00
+1.26600E-03,+1.51866050E+00,+1.52085665E+00
+1.26700E-03,+1.51867621E+00,+1.52084094E+00
+1.26800E-03,+1.51866050E+00,+1.52080953E+00
+1.26900E-03,+1.51870761E+00,+1.52083309E+00
+1.27000E-03,+1.51859769E+00,+1.52081739E+00
+1.27100E-03,+1.51861339E+00,+1.52088805E+00
+1.27200E-03,+1.51861339E+00,+1.52095872E+00
+1.27300E-03,+1.51855058E+00,+1.52102153E+00
+1.27400E-03,+1.51861339E+00,+1.52099013E+00
+1.27500E-03,+1.51867621E+00,+1.52108435E+00
+1.27600E-03,+1.51870761E+00,+1.52113931E+00
+1.27700E-03,+1.51869191E+00,+1.52112361E+00
+1.27800E-03,+1.51870761E+00,+1.52109220E+00
+1.27900E-03,+1.51867621E+00,+1.52116286E+00
+1.28000E-03,+1.51864480E+00,+1.52120997E+00
+1.28100E-03,+1.51859769E+00,+1.52126494E+00
+1.28200E-03,+1.51867621E+00,+1.52124923E+00
+1.28300E-03,+1.51867621E+00,+1.52120997E+00
+1.28400E-03,+1.51862910E+00,+1.52095087E+00
+1.28500E-03,+1.51872332E+00,+1.52058969E+00
+1.28600E-03,+1.51877043E+00,+1.52057398E+00
+1.28700E-03,+1.51855058E+00,+1.52064465E+00
+1.28800E-03,+1.51864480E+00,+1.52069176E+00
+1.28900E-03,+1.51859769E+00,+1.52088020E+00
+1.29000E-03,+1.51855058E+00,+1.52101368E+00
+1.29100E-03,+1.51848776E+00,+1.52088020E+00
+1.29200E-03,+1.51866050E+00,+1.52092731E+00
+1.29300E-03,+1.51864480E+00,+1.52100583E+00
+1.29400E-03,+1.51861339E+00,+1.52110790E+00
+1.29500E-03,+1.51864480E+00,+1.52114716E+00
+1.29600E-03,+1.51864480E+00,+1.52118642E+00
+1.29700E-03,+1.51877043E+00,+1.52133560E+00
+1.29800E-03,+1.51856628E+00,+1.52139057E+00
+1.29900E-03,+1.51862910E+00,+1.52140627E+00
+1.30000E-03,+1.51858198E+00,+1.52108435E+00
+1.30100E-03,+1.51856628E+00,+1.52095872E+00
+1.30200E-03,+1.51858198E+00,+1.52080168E+00
+1.30300E-03,+1.51870761E+00,+1.52080168E+00
+1.30400E-03,+1.51872332E+00,+1.52093516E+00
+1.30500E-03,+1.51864480E+00,+1.52084094E+00
+1.30600E-03,+1.51866050E+00,+1.52084879E+00
+1.30700E-03,+1.51859769E+00,+1.52089590E+00
+1.30800E-03,+1.51855058E+00,+1.52094301E+00
+1.30900E-03,+1.51856628E+00,+1.52097442E+00
+1.31000E-03,+1.51859769E+00,+1.52107649E+00
+1.31100E-03,+1.51853487E+00,+1.52102938E+00
+1.31200E-03,+1.51872332E+00,+1.52115501E+00
+1.31300E-03,+1.51867621E+00,+1.52116286E+00
+1.31400E-03,+1.51877043E+00,+1.52130420E+00
+1.31500E-03,+1.51877043E+00,+1.52120212E+00
+1.31600E-03,+1.51877043E+00,+1.52126494E+00
+1.31700E-03,+1.51869191E+00,+1.52121783E+00
+1.31800E-03,+1.51858198E+00,+1.52124923E+00
+1.31900E-03,+1.51870761E+00,+1.52129634E+00
+1.32000E-03,+1.51848776E+00,+1.52137486E+00
+1.32100E-03,+1.51870761E+00,+1.52133560E+00
+1.32200E-03,+1.51867621E+00,+1.52105294E+00
+1.32300E-03,+1.51866050E+00,+1.52099798E+00
+1.32400E-03,+1.51866050E+00,+1.52110790E+00
+1.32500E-03,+1.51867621E+00,+1.52120212E+00
+1.32600E-03,+1.51866050E+00,+1.52117857E+00
+1.32700E-03,+1.51856628E+00,+1.52120997E+00
+1.32800E-03,+1.51850347E+00,+1.52113146E+00
+1.32900E-03,+1.51856628E+00,+1.52115501E+00
+1.33000E-03,+1.51851917E+00,+1.52080953E+00
+1.33100E-03,+1.51872332E+00,+1.52067606E+00
+1.33200E-03,+1.51870761E+00,+1.52035413E+00
+1.33300E-03,+1.51862910E+00,+1.52044050E+00
+1.33400E-03,+1.51866050E+00,+1.52054258E+00
+1.33500E-03,+1.51873902E+00,+1.52065250E+00
+1.33600E-03,+1.51856628E+00,+1.52073887E+00
+1.33700E-03,+1.51873902E+00,+1.52076242E+00
+1.33800E-03,+1.51864480E+00,+1.52073887E+00
+1.33900E-03,+1.51864480E+00,+1.52080168E+00
+1.34000E-03,+1.51866050E+00,+1.52083309E+00
+1.34100E-03,+1.51862910E+00,+1.52087235E+00
+1.34200E-03,+1.51858198E+00,+1.52097442E+00
+1.34300E-03,+1.51873902E+00,+1.52099013E+00
+1.34400E-03,+1.51859769E+00,+1.52103724E+00
+1.34500E-03,+1.51867621E+00,+1.52108435E+00
+1.34600E-03,+1.51859769E+00,+1.52117857E+00
+1.34700E-03,+1.51853487E+00,+1.52110005E+00
+1.34800E-03,+1.51851917E+00,+1.52072317E+00
+1.34900E-03,+1.51858198E+00,+1.52055043E+00
+1.35000E-03,+1.51856628E+00,+1.52059754E+00
+1.35100E-03,+1.51867621E+00,+1.52073102E+00
+1.35200E-03,+1.51858198E+00,+1.52065250E+00
+1.35300E-03,+1.51856628E+00,+1.52049546E+00
+1.35400E-03,+1.51869191E+00,+1.52050332E+00
+1.35500E-03,+1.51873902E+00,+1.52051117E+00
+1.35600E-03,+1.51866050E+00,+1.52052687E+00
+1.35700E-03,+1.51875472E+00,+1.52036984E+00
+1.35800E-03,+1.51859769E+00,+1.52028347E+00
+1.35900E-03,+1.51856628E+00,+1.52026776E+00
+1.36000E-03,+1.51859769E+00,+1.52037769E+00
+1.36100E-03,+1.51869191E+00,+1.52051902E+00
+1.36200E-03,+1.51867621E+00,+1.52056613E+00
+1.36300E-03,+1.51858198E+00,+1.52058183E+00
+1.36400E-03,+1.51850347E+00,+1.52078598E+00
+1.36500E-03,+1.51862910E+00,+1.52079383E+00
+1.36600E-03,+1.51861339E+00,+1.52093516E+00
+1.36700E-03,+1.51862910E+00,+1.52095087E+00
+1.36800E-03,+1.51862910E+00,+1.52098227E+00
+1.36900E-03,+1.51861339E+00,+1.52098227E+00
+1.37000E-03,+1.51859769E+00,+1.52088020E+00
+1.37100E-03,+1.51867621E+00,+1.52096657E+00
+1.37200E-03,+1.51862910E+00,+1.52112361E+00
+1.37300E-03,+1.51862910E+00,+1.52114716E+00
+1.37400E-03,+1.51870761E+00,+1.52123353E+00
+1.37500E-03,+1.51867621E+00,+1.52113146E+00
+1.37600E-03,+1.51867621E+00,+1.52107649E+00
+1.37700E-03,+1.51862910E+00,+1.52113931E+00
+1.37800E-03,+1.51853487E+00,+1.52110790E+00
+1.37900E-03,+1.51856628E+00,+1.52113931E+00
+1.38000E-03,+1.51864480E+00,+1.52100583E+00
+1.38100E-03,+1.51862910E+00,+1.52095872E+00
+1.38200E-03,+1.51862910E+00,+1.52104509E+00
+1.38300E-03,+1.51862910E+00,+1.52112361E+00
+1.38400E-03,+1.51867621E+00,+1.52123353E+00
+1.38500E-03,+1.51866050E+00,+1.52131205E+00
+1.38600E-03,+1.51866050E+00,+1.52126494E+00
+1.38700E-03,+1.51861339E+00,+1.52127279E+00
+1.38800E-03,+1.51867621E+00,+1.52133560E+00
+1.38900E-03,+1.51858198E+00,+1.52121783E+00
+1.39000E-03,+1.51861339E+00,+1.52094301E+00
+1.39100E-03,+1.51862910E+00,+1.52095087E+00
+1.39200E-03,+1.51856628E+00,+1.52102938E+00
+1.39300E-03,+1.51866050E+00,+1.52093516E+00
+1.39400E-03,+1.51878613E+00,+1.52098227E+00
+1.39500E-03,+1.51867621E+00,+1.52088020E+00
+1.39600E-03,+1.51870761E+00,+1.52080953E+00
+1.39700E-03,+1.51856628E+00,+1.52069176E+00
+1.39800E-03,+1.51858198E+00,+1.52060539E+00
+1.39900E-03,+1.51851917E+00,+1.52074672E+00
+1.40000E-03,+1.51856628E+00,+1.52089590E+00
+1.40100E-03,+1.51872332E+00,+1.52103724E+00
+1.40200E-03,+1.51858198E+00,+1.52097442E+00
+1.40300E-03,+1.51872332E+00,+1.52095872E+00
+1.40400E-03,+1.51866050E+00,+1.52094301E+00
+1.40500E-03,+1.51855058E+00,+1.52095872E+00
+1.40600E-03,+1.51867621E+00,+1.52094301E+00
+1.40700E-03,+1.51856628E+00,+1.52086450E+00
+1.40800E-03,+1.51867621E+00,+1.52033058E+00
+1.40900E-03,+1.51858198E+00,+1.52018925E+00
+1.41000E-03,+1.51850347E+00,+1.52013428E+00
+1.41100E-03,+1.51859769E+00,+1.51979666E+00
+1.41200E-03,+1.51858198E+00,+1.51982021E+00
+1.41300E-03,+1.51862910E+00,+1.51997725E+00
+1.41400E-03,+1.51872332E+00,+1.52023636E+00
+1.41500E-03,+1.51875472E+00,+1.52034628E+00
+1.41600E-03,+1.51870761E+00,+1.52048761E+00
+1.41700E-03,+1.51867621E+00,+1.52052687E+00
+1.41800E-03,+1.51858198E+00,+1.52056613E+00
+1.41900E-03,+1.51858198E+00,+1.52047976E+00
+1.42000E-03,+1.51858198E+00,+1.52061324E+00
+1.42100E-03,+1.51866050E+00,+1.52061324E+00
+1.42200E-03,+1.51866050E+00,+1.52062894E+00
+1.42300E-03,+1.51870761E+00,+1.52084879E+00
+1.42400E-03,+1.51862910E+00,+1.52079383E+00
+1.42500E-03,+1.51873902E+00,+1.52078598E+00
+1.42600E-03,+1.51864480E+00,+1.52073102E+00
+1.42700E-03,+1.51864480E+00,+1.52082524E+00
+1.42800E-03,+1.51859769E+00,+1.52089590E+00
+1.42900E-03,+1.51856628E+00,+1.52079383E+00
+1.43000E-03,+1.51859769E+00,+1.52089590E+00
+1.43100E-03,+1.51856628E+00,+1.52095087E+00
+1.43200E-03,+1.51855058E+00,+1.52088020E+00
+1.43300E-03,+1.51873902E+00,+1.52084879E+00
+1.43400E-03,+1.51870761E+00,+1.52084879E+00
+1.43500E-03,+1.51875472E+00,+1.52093516E+00
+1.43600E-03,+1.51861339E+00,+1.52094301E+00
+1.43700E-03,+1.51862910E+00,+1.52099798E+00
+1.43800E-03,+1.51864480E+00,+1.52104509E+00
+1.43900E-03,+1.51859769E+00,+1.52108435E+00
+1.44000E-03,+1.51855058E+00,+1.52112361E+00
+1.44100E-03,+1.51861339E+00,+1.52115501E+00
+1.44200E-03,+1.51862910E+00,+1.52117857E+00
+1.44300E-03,+1.51866050E+00,+1.52120212E+00
+1.44400E-03,+1.51867621E+00,+1.52126494E+00
+1.44500E-03,+1.51870761E+00,+1.52118642E+00
+1.44600E-03,+1.51861339E+00,+1.52118642E+00
+1.44700E-03,+1.51851917E+00,+1.52126494E+00
+1.44800E-03,+1.51850347E+00,+1.52114716E+00
+1.44900E-03,+1.51855058E+00,+1.52109220E+00
+1.45000E-03,+1.51855058E+00,+1.52119427E+00
+1.45100E-03,+1.51855058E+00,+1.52124923E+00
+1.45200E-03,+1.51864480E+00,+1.52130420E+00
+1.45300E-03,+1.51861339E+00,+1.52113931E+00
+1.45400E-03,+1.51869191E+00,+1.52109220E+00
+1.45500E-03,+1.51867621E+00,+1.52111575E+00
+1.45600E-03,+1.51873902E+00,+1.52120212E+00
+1.45700E-03,+1.51861339E+00,+1.52134345E+00
+1.45800E-03,+1.51858198E+00,+1.52139057E+00
+1.45900E-03,+1.51848776E+00,+1.52146908E+00
+1.46000E-03,+1.51856628E+00,+1.52113931E+00
+1.46100E-03,+1.51850347E+00,+1.52106864E+00
+1.46200E-03,+1.51851917E+00,+1.52111575E+00
+1.46300E-03,+1.51870761E+00,+1.52117072E+00
+1.46400E-03,+1.51862910E+00,+1.52116286E+00
+1.46500E-03,+1.51858198E+00,+1.52116286E+00
+1.46600E-03,+1.51870761E+00,+1.52120997E+00
+1.46700E-03,+1.51850347E+00,+1.52121783E+00
+1.46800E-03,+1.51859769E+00,+1.52105294E+00
+1.46900E-03,+1.51864480E+00,+1.52088805E+00
+1.47000E-03,+1.51850347E+00,+1.52084094E+00
+1.47100E-03,+1.51859769E+00,+1.52085665E+00
+1.47200E-03,+1.51861339E+00,+1.52081739E+00
+1.47300E-03,+1.51864480E+00,+1.52072317E+00
+1.47400E-03,+1.51867621E+00,+1.52051117E+00
+1.47500E-03,+1.51862910E+00,+1.52023636E+00
+1.47600E-03,+1.51861339E+00,+1.52021280E+00
+1.47700E-03,+1.51855058E+00,+1.52029917E+00
+1.47800E-03,+1.51856628E+00,+1.52046406E+00
+1.47900E-03,+1.51867621E+00,+1.52058183E+00
+1.48000E-03,+1.51858198E+00,+1.52073887E+00
+1.48100E-03,+1.51867621E+00,+1.52084094E+00
+1.48200E-03,+1.51864480E+00,+1.52073887E+00
+1.48300E-03,+1.51861339E+00,+1.52048761E+00
+1.48400E-03,+1.51859769E+00,+1.52045621E+00
+1.48500E-03,+1.51858198E+00,+1.52046406E+00
+1.48600E-03,+1.51859769E+00,+1.52060539E+00
+1.48700E-03,+1.51845636E+00,+1.52062894E+00
+1.48800E-03,+1.51853487E+00,+1.52077813E+00
+1.48900E-03,+1.51853487E+00,+1.52080953E+00
+1.49000E-03,+1.51869191E+00,+1.52095872E+00
+1.49100E-03,+1.51856628E+00,+1.52106079E+00
+1.49200E-03,+1.51864480E+00,+1.52113146E+00
+1.49300E-03,+1.51869191E+00,+1.52106079E+00
+1.49400E-03,+1.51864480E+00,+1.52080953E+00
+1.49500E-03,+1.51862910E+00,+1.52062109E+00
+1.49600E-03,+1.51870761E+00,+1.52077813E+00
+1.49700E-03,+1.51847206E+00,+1.52082524E+00
+1.49800E-03,+1.51858198E+00,+1.52080953E+00
+1.49900E-03,+1.51858198E+00,+1.52079383E+00
+1.50000E-03,+1.51856628E+00,+1.52089590E+00
+1.50100E-03,+1.51864480E+00,+1.52085665E+00
+1.50200E-03,+1.51870761E+00,+1.52081739E+00
+1.50300E-03,+1.51856628E+00,+1.52082524E+00
+1.50400E-03,+1.51875472E+00,+1.52095872E+00
+1.50500E-03,+1.51867621E+00,+1.52099798E+00
+1.50600E-03,+1.51858198E+00,+1.52098227E+00
+1.50700E-03,+1.51867621E+00,+1.52115501E+00
+1.50800E-03,+1.51853487E+00,+1.52117857E+00
+1.50900E-03,+1.51856628E+00,+1.52113146E+00
+1.51000E-03,+1.51861339E+00,+1.52113931E+00
+1.51100E-03,+1.51858198E+00,+1.52110005E+00
+1.51200E-03,+1.51869191E+00,+1.52115501E+00
+1.51300E-03,+1.51853487E+00,+1.52120997E+00
+1.51400E-03,+1.51862910E+00,+1.52124923E+00
+1.51500E-03,+1.51859769E+00,+1.52126494E+00
+1.51600E-03,+1.51853487E+00,+1.52120997E+00
+1.51700E-03,+1.51859769E+00,+1.52130420E+00
+1.51800E-03,+1.51856628E+00,+1.52135131E+00
+1.51900E-03,+1.51855058E+00,+1.52131990E+00
+1.52000E-03,+1.51864480E+00,+1.52092731E+00
+1.52100E-03,+1.51858198E+00,+1.52091946E+00
+1.52200E-03,+1.51873902E+00,+1.52092731E+00
+1.52300E-03,+1.51859769E+00,+1.52082524E+00
+1.52400E-03,+1.51869191E+00,+1.52081739E+00
+1.52500E-03,+1.51864480E+00,+1.52088020E+00
+1.52600E-03,+1.51862910E+00,+1.52086450E+00
+1.52700E-03,+1.51853487E+00,+1.52100583E+00
+1.52800E-03,+1.51864480E+00,+1.52100583E+00
+1.52900E-03,+1.51862910E+00,+1.52095872E+00
+1.53000E-03,+1.51856628E+00,+1.52110005E+00
+1.53100E-03,+1.51856628E+00,+1.52117072E+00
+1.53200E-03,+1.51855058E+00,+1.52118642E+00
+1.53300E-03,+1.51864480E+00,+1.52123353E+00
+1.53400E-03,+1.51859769E+00,+1.52130420E+00
+1.53500E-03,+1.51855058E+00,+1.52131990E+00
+1.53600E-03,+1.51856628E+00,+1.52141412E+00
+1.53700E-03,+1.51855058E+00,+1.52102153E+00
+1.53800E-03,+1.51850347E+00,+1.52090376E+00
+1.53900E-03,+1.51853487E+00,+1.52098227E+00
+1.54000E-03,+1.51866050E+00,+1.52091161E+00
+1.54100E-03,+1.51861339E+00,+1.52062894E+00
+1.54200E-03,+1.51853487E+00,+1.52051902E+00
+1.54300E-03,+1.51869191E+00,+1.52074672E+00
+1.54400E-03,+1.51853487E+00,+1.52078598E+00
+1.54500E-03,+1.51867621E+00,+1.52067606E+00
+1.54600E-03,+1.51858198E+00,+1.52059754E+00
+1.54700E-03,+1.51844065E+00,+1.52059754E+00
+1.54800E-03,+1.51851917E+00,+1.52068391E+00
+1.54900E-03,+1.51853487E+00,+1.52085665E+00
+1.55000E-03,+1.51855058E+00,+1.52070746E+00
+1.55100E-03,+1.51864480E+00,+1.52077028E+00
+1.55200E-03,+1.51867621E+00,+1.52080953E+00
+1.55300E-03,+1.51866050E+00,+1.52047191E+00
+1.55400E-03,+1.51850347E+00,+1.52043265E+00
+1.55500E-03,+1.51867621E+00,+1.52046406E+00
+1.55600E-03,+1.51851917E+00,+1.52055043E+00
+1.55700E-03,+1.51853487E+00,+1.52069961E+00
+1.55800E-03,+1.51861339E+00,+1.52074672E+00
+1.55900E-03,+1.51853487E+00,+1.52070746E+00
+1.56000E-03,+1.51839354E+00,+1.52066820E+00
+1.56100E-03,+1.51861339E+00,+1.52062894E+00
+1.56200E-03,+1.51867621E+00,+1.52071531E+00
+1.56300E-03,+1.51870761E+00,+1.52077813E+00
+1.56400E-03,+1.51861339E+00,+1.52087235E+00
+1.56500E-03,+1.51858198E+00,+1.52079383E+00
+1.56600E-03,+1.51851917E+00,+1.52075457E+00
+1.56700E-03,+1.51850347E+00,+1.52078598E+00
+1.56800E-03,+1.51859769E+00,+1.52070746E+00
+1.56900E-03,+1.51840925E+00,+1.52082524E+00
+1.57000E-03,+1.51855058E+00,+1.52088020E+00
+1.57100E-03,+1.51855058E+00,+1.52097442E+00
+1.57200E-03,+1.51880183E+00,+1.52094301E+00
+1.57300E-03,+1.51861339E+00,+1.52080168E+00
+1.57400E-03,+1.51858198E+00,+1.52080953E+00
+1.57500E-03,+1.51861339E+00,+1.52069176E+00
+1.57600E-03,+1.51844065E+00,+1.52076242E+00
+1.57700E-03,+1.51844065E+00,+1.52072317E+00
+1.57800E-03,+1.51869191E+00,+1.52083309E+00
+1.57900E-03,+1.51861339E+00,+1.52088020E+00
+1.58000E-03,+1.51861339E+00,+1.52079383E+00
+1.58100E-03,+1.51866050E+00,+1.52087235E+00
+1.58200E-03,+1.51864480E+00,+1.52097442E+00
+1.58300E-03,+1.51869191E+00,+1.52102153E+00
+1.58400E-03,+1.51858198E+00,+1.52097442E+00
+1.58500E-03,+1.51848776E+00,+1.52098227E+00
+1.58600E-03,+1.51850347E+00,+1.52099013E+00
+1.58700E-03,+1.51851917E+00,+1.52114716E+00
+1.58800E-03,+1.51850347E+00,+1.52116286E+00
+1.58900E-03,+1.51859769E+00,+1.52114716E+00
+1.59000E-03,+1.51853487E+00,+1.52105294E+00
+1.59100E-03,+1.51858198E+00,+1.52095087E+00
+1.59200E-03,+1.51858198E+00,+1.52104509E+00
+1.59300E-03,+1.51872332E+00,+1.52110790E+00
+1.59400E-03,+1.51859769E+00,+1.52106864E+00
+1.59500E-03,+1.51858198E+00,+1.52079383E+00
+1.59600E-03,+1.51864480E+00,+1.52073102E+00
+1.59700E-03,+1.51851917E+00,+1.52082524E+00
+1.59800E-03,+1.51853487E+00,+1.52092731E+00
+1.59900E-03,+1.51851917E+00,+1.52096657E+00
